Country Name,Country Code,Indicator Name,Indicator Code,1960,1961,1962,1963,1964,1965,1966,1967,1968,1969,1970,1971,1972,1973,1974,1975,1976,1977,1978,1979,1980,1981,1982,1983,1984,1985,1986,1987,1988,1989,1990,1991,1992,1993,1994,1995,1996,1997,1998,1999,2000,2001,2002,2003,2004,2005,2006,2007,2008,2009,2010,2011,2012,2013,2014,2015,2016,2017,2018,2019,2020
Aruba,ABW,Tax revenue (% of GDP),GC.TAX.TOTL.GD.ZS,,,,,,,,,,,,,,,,,,,,,,,,,,,,,,,,,,,,,,,,,,,,,,,,,,,,,,,,,,,,,
Africa Eastern and Southern,AFE,Tax revenue (% of GDP),GC.TAX.TOTL.GD.ZS,,,,,,,,,,,,,,,,,,,,,,,,,,,,,,,,,,,,,,,,18.0301037,,,,,,,,,,17.38628139,17.3634695,17.56214572,18.03828174,18.20249917,18.2885639,17.47152179,17.14320757,17.56473278,17.5270675,18.16194611,
Afghanistan,AFG,Tax revenue (% of GDP),GC.TAX.TOTL.GD.ZS,,,,,,,,,,,,,,,,,,,,,,,,,,,,,,,,,,,,,,,,,,,,,,,6.967597575,5.283456604,6.08796493,8.481758361,9.169751919,8.916793996,7.707800603,7.12277329,6.882102943,7.585382331,9.502652783,9.898450897,,,
Africa Western and Central,AFW,Tax revenue (% of GDP),GC.TAX.TOTL.GD.ZS,,,,,,,,,,,,,,,,,,,,,,,,,,,,,,,,,,,,,,,,,,,,,,,,,,,,,,,,,,,,,
Angola,AGO,Tax revenue (% of GDP),GC.TAX.TOTL.GD.ZS,,,,,,,,,,,,,,,,,,,,,,,,,,,,,,,,,,,,,,,,16.29397166,28.70338216,29.24667572,15.53281183,17.17157991,18.07456616,17.10911781,23.38516999,21.49916056,25.65014974,18.36108008,16.59994635,16.10341268,14.82271932,14.18476314,13.54263016,11.00201914,9.732512234,9.223777454,9.644778459,9.381661562,
Albania,ALB,Tax revenue (% of GDP),GC.TAX.TOTL.GD.ZS,,,,,,,,,,,,,,,,,,,,,,,,,,,,,,,,,,,,13.6007883,8.861718692,9.904836957,14.5689441,,,,16.48424227,17.19613774,17.96507586,,,,,,,18.02201328,17.48323356,16.50327061,18.30193614,18.51578986,17.59022981,18.88749198,18.54595166,18.14624801,
Andorra,AND,Tax revenue (% of GDP),GC.TAX.TOTL.GD.ZS,,,,,,,,,,,,,,,,,,,,,,,,,,,,,,,,,,,,,,,,,,,,,,,,,,,,,,,,,,,,,
Arab World,ARB,Tax revenue (% of GDP),GC.TAX.TOTL.GD.ZS,,,,,,,,,,,,,,,,,,,,,,,,,,,,,,,,,,,,,,,,,,,,,,,,,,,,,,,5.351775939,5.53869501,,,,,
United Arab Emirates,ARE,Tax revenue (% of GDP),GC.TAX.TOTL.GD.ZS,,,,,,,,,,,,,,,,,,,,,,,,,,,,,,,,,,,,,,0.992336344,1.075872392,1.122447005,,,,,,,,,,,,0.321413865,0.36378634,0.370450572,0.35572315,0.057734024,0.043494701,0.066457191,0.059310281,0.974042422,
Argentina,ARG,Tax revenue (% of GDP),GC.TAX.TOTL.GD.ZS,,,,,,,,,,,,,,,,,,,,,,,,,,,,,,,4.838513147,5.008236547,5.547922134,8.015138006,8.126437228,8.054357652,8.171787775,8.690086356,9.030526186,9.076124336,9.622603502,9.324898794,9.818958347,12.5187797,13.1007799,13.10317565,12.8788867,12.44826845,13.31784636,12.38304156,12.85304269,12.6636277,12.95284151,12.45290276,12.61096661,12.33650694,12.09728364,10.93962386,9.992390084,10.47592157,
Armenia,ARM,Tax revenue (% of GDP),GC.TAX.TOTL.GD.ZS,,,,,,,,,,,,,,,,,,,,,,,,,,,,,,,,,,,,,,,,,,,,,13.99640565,14.33566341,14.39598656,15.96253173,17.32175873,16.50586323,17.0700514,17.21941905,17.49164208,21.58621388,21.59917455,20.93122083,21.27737528,20.78065336,20.8701039,22.28517099,
American Samoa,ASM,Tax revenue (% of GDP),GC.TAX.TOTL.GD.ZS,,,,,,,,,,,,,,,,,,,,,,,,,,,,,,,,,,,,,,,,,,,,,,,,,,,,,,,,,,,,,
Antigua and Barbuda,ATG,Tax revenue (% of GDP),GC.TAX.TOTL.GD.ZS,,,,,,,,,,,,,,,,,,,,,,,,,,,,,,,,,,,,,,,,,,,,,,,,,,,,,,,,,,,,,
Australia,AUS,Tax revenue (% of GDP),GC.TAX.TOTL.GD.ZS,,,,,,,,,,,,,17.83822605,17.01551243,18.05412926,19.86896194,20.29336628,20.52766117,20.398881,19.76361448,20.40637486,21.45528509,21.57892643,21.70718964,21.00521131,22.50121063,22.56879186,23.22288294,23.13861346,22.65221584,22.43721096,22.33372588,20.64283048,19.9809553,20.00758651,21.17398473,21.88613715,22.39198788,22.24382772,22.4468695,23.05726574,24.89364865,23.57516554,24.31807703,24.27776394,24.77738757,24.53998053,24.06896127,24.22930364,22.03800493,20.50100625,20.33199849,21.11222533,21.9560104,21.90856356,21.88426984,22.27430773,22.08576752,23.18510689,23.41102892,
Austria,AUT,Tax revenue (% of GDP),GC.TAX.TOTL.GD.ZS,,,,,,,,,,,,,17.8887855,18.19695102,18.39734103,18.01092541,17.86233232,17.9992932,18.77754974,18.55011633,18.57800458,18.94982565,18.1904204,18.03258878,18.96407751,18.10378408,17.97233676,17.72008416,18.56280078,17.80575187,17.98108333,18.16717856,18.9204805,18.93545577,18.34557306,24.60010617,25.94003601,26.79771217,26.88984546,26.6278222,26.22507988,27.96557199,26.97550032,26.64696993,26.30867249,25.51395546,25.05044256,25.39199432,26.07751972,25.22516524,25.28163551,25.42798528,25.92819764,26.41517309,26.41789831,26.82616742,25.41916923,25.42222618,25.42625335,25.58297784,
Azerbaijan,AZE,Tax revenue (% of GDP),GC.TAX.TOTL.GD.ZS,,,,,,,,,,,,,,,,,,,,,,,,,,,,,,,,,,,25.55916733,17.95407255,9.85045744,10.69380996,12.679335,12.73345872,,,,,,,,,16.42117537,14.10670899,12.15777699,12.22476095,12.77863937,13.38833316,14.21253565,15.60316293,14.55551657,13.16404551,12.97127179,14.21885265,
Burundi,BDI,Tax revenue (% of GDP),GC.TAX.TOTL.GD.ZS,,,,,,,,,,,,,,10.34690886,10.67691572,8.855990613,11.36892511,13.47857673,14.96532248,14.09448674,13.00507156,11.60934802,,,,,,,,,,15.14266298,15.12278396,14.92891631,15.61605477,16.67820658,13.43899658,11.42036173,14.34765867,13.59744181,,,,,,,,,,,,,,,,,,,,,
Belgium,BEL,Tax revenue (% of GDP),GC.TAX.TOTL.GD.ZS,,,,,,,,,,,,,,,,,,,,,,,,,,,,,,,,,,,,25.6224194,26.02989167,26.56702432,27.16304179,27.00951188,27.27474136,26.78651211,25.71234509,25.07661801,25.53796126,25.47132993,25.28775048,24.78853753,25.25416988,23.78146279,24.46824242,24.93665681,25.82414125,26.19084708,26.13452545,24.35453781,22.84232918,23.44711303,24.00759604,22.61269067,
Benin,BEN,Tax revenue (% of GDP),GC.TAX.TOTL.GD.ZS,,,,,,,,,,,,,,,,,13.05749474,12.97267119,12.26007922,10.78914255,,,,,,,,,,,,,,,,,,,,,,,,,,,,,,,,,,,,,,,,,
Burkina Faso,BFA,Tax revenue (% of GDP),GC.TAX.TOTL.GD.ZS,,,,,,,,,,,,,,,,,,,,,,,,,,,,,,,,,,,,,,,,,,,9.661383768,9.861311204,11.29101966,10.44973408,10.77840826,11.27918912,10.54887635,11.12763173,11.31006465,12.21949136,13.88996243,14.94864196,13.66382751,13.2802007,14.1391533,15.26072123,15.29241208,15.5000892,
Bangladesh,BGD,Tax revenue (% of GDP),GC.TAX.TOTL.GD.ZS,,,,,,,,,,,,,,,,,,,,,,,,,,,,,,,,,,,,,,,,,,6.611160271,6.691384191,6.965213904,7.046448418,7.135670039,7.043304058,6.917262669,7.656029883,7.498116263,7.834684749,8.685924706,9.02456269,8.962413316,8.635377737,8.498348828,8.765027652,,,,
Bulgaria,BGR,Tax revenue (% of GDP),GC.TAX.TOTL.GD.ZS,,,,,,,,,,,,,,,,,,,,,,,,,,,,,,,23.83312845,22.33382461,16.90338645,15.21378387,21.23896499,12.2597552,13.68493678,14.78391772,16.13499316,16.88486795,17.03889286,17.14053144,15.29530967,19.77171025,21.05449828,20.30776201,20.95860249,22.88555382,22.16840663,18.9826074,18.42469151,17.65931936,18.87762376,19.92688756,19.5312195,20.23628748,20.20612411,20.02346374,20.13287125,20.22927868,
Bahrain,BHR,Tax revenue (% of GDP),GC.TAX.TOTL.GD.ZS,,,,,,,,,,,,,,,,,,,,,3.445298333,3.757956899,4.136270791,5.404443179,5.713312904,5.891777729,6.430251808,5.315979717,4.877523166,5.17656777,5.187374245,5.041193755,5.39072996,5.349562727,5.173401874,4.796762972,5.042932705,5.097809027,5.664272504,5.013055032,3.732777721,4.103642909,3.578992892,3.306813188,4.216840666,,,,,,,,,,,,,,,,
"Bahamas, The",BHS,Tax revenue (% of GDP),GC.TAX.TOTL.GD.ZS,,,,,,,,,,,,,,,,,,,,,,,,,,,,,,,13.86291851,13.63799997,15.43261499,15.39456662,16.71678429,17.34616506,17.04904406,10.39523969,9.972501983,10.32367804,10.67868759,9.859542693,8.999094713,9.288519057,9.428334156,10.00170798,11.24833165,11.35886589,12.12136614,11.25206873,10.76231493,13.01102086,12.03925717,11.75005173,11.28313087,12.64481143,14.00240234,14.8949019,14.29897646,16.70184741,
Bosnia and Herzegovina,BIH,Tax revenue (% of GDP),GC.TAX.TOTL.GD.ZS,,,,,,,,,,,,,,,,,,,,,,,,,,,,,,,,,,,,,,,,,,,,,,19.88609272,21.68995521,21.39427001,20.30211346,18.94628595,19.68567643,20.30566529,20.47753997,19.75154464,19.77790178,19.9342164,19.95149148,20.25933806,20.44076097,20.10135331,
Belarus,BLR,Tax revenue (% of GDP),GC.TAX.TOTL.GD.ZS,,,,,,,,,,,,,,,,,,,,,,,,,,,,,,,,,20.54347826,26.63959391,24.75018266,19.88764693,18.79977481,20.73459095,17.11232894,16.67247619,16.6247345,15.75466424,14.20103832,17.68812191,18.3713469,20.14965628,22.22309662,23.72669873,25.35338921,18.62947063,16.32143837,14.50907256,14.66297503,13.35496285,12.69772453,14.17309447,13.78823561,13.01900561,14.67256897,13.30150614,
Belize,BLZ,Tax revenue (% of GDP),GC.TAX.TOTL.GD.ZS,,,,,,,,,,,,,,,,,,,,,,,,,,,,,,,21.45617769,20.71097425,19.92326052,19.50981185,19.90221232,18.74440402,19.53043668,19.64716768,19.69418406,17.40151093,17.82759422,18.77743502,19.45318837,19.30685348,19.78420687,21.5291635,21.90762254,23.26458428,21.97668956,22.81643087,23.93824295,22.97107624,23.11593834,23.80198301,25.47236336,25.10104564,25.83889165,26.02713973,,,
Bermuda,BMU,Tax revenue (% of GDP),GC.TAX.TOTL.GD.ZS,,,,,,,,,,,,,,,,,,,,,,,,,,,,,,,,,,,,,,,,,,,,,,,,,,,,,,,,,,,,,
Bolivia,BOL,Tax revenue (% of GDP),GC.TAX.TOTL.GD.ZS,,,,,,,,,,,,,,,,,,,,,,,,,,8.258112941,8.02206271,7.993788662,7.280551571,7.094742942,7.23622456,7.932729699,8.899788616,9.516345517,10.04546839,9.722329464,12.29385246,12.62034606,13.54652906,12.03978514,12.3308029,11.78254596,13.18410486,12.97300023,15.01634882,16.21516419,16.81616822,16.9648658,,,,,,,,,,,,,
Brazil,BRA,Tax revenue (% of GDP),GC.TAX.TOTL.GD.ZS,,,,,,,,,,,,,,,,,,,,,,,,,,,,,,,,,,,,,,,,,,,,,,,,,,,14.24954112,14.85132354,14.33236502,14.12551345,13.49012527,13.62971679,13.71048259,13.60528907,13.94034928,13.73616364,
Barbados,BRB,Tax revenue (% of GDP),GC.TAX.TOTL.GD.ZS,,,,,,,,,,,,,,,,,,,,,,,,,,,,,,,,,,,,,,,,,,,,25.24341798,25.77442299,26.73474277,25.28466565,25.95975461,25.42878697,24.71465999,24.7129305,25.95299489,24.47118382,23.07117208,23.51626601,25.39180814,27.49445658,,,,
Brunei Darussalam,BRN,Tax revenue (% of GDP),GC.TAX.TOTL.GD.ZS,,,,,,,,,,,,,,,,,,,,,,,,,,,,,,,,,,,,,,,,,,,,,,,,,,,,,,,,,,,,,
Bhutan,BTN,Tax revenue (% of GDP),GC.TAX.TOTL.GD.ZS,,,,,,,,,,,,,,,,,,,,,,,5.720364293,6.634900701,7.603581245,6.728793602,7.111992927,,6.224939945,5.411393815,4.600056366,5.152906744,5.271109952,6.488472592,6.194935632,6.898255038,7.852497029,6.793272607,8.311448699,7.362506471,10.36464934,8.802985636,9.536853742,9.644347227,7.909603281,8.576268256,9.265712756,7.69828607,8.625153926,9.465618506,13.46153264,13.8352247,15.05424172,14.72269791,13.6986507,13.26203862,12.9794732,12.54156214,16.0175848,,
Botswana,BWA,Tax revenue (% of GDP),GC.TAX.TOTL.GD.ZS,,,,,,,,,,,,,,,,,,,,,,,,,,,,,,,27.50161294,25.55719349,27.84554007,23.68479922,19.91674392,16.76579585,14.93710789,,,,,,,,,,26.93255733,25.71281584,27.37420135,27.28605335,23.60443184,23.66745451,27.11535961,25.60989227,26.77334829,26.21806001,21.63005677,23.95840599,21.89172255,21.26655924,
Central African Republic,CAF,Tax revenue (% of GDP),GC.TAX.TOTL.GD.ZS,,,,,,,,,,,,,,,,,,,,,,,,,,,,,,,,,,,,,,,,,,,,,6.211979957,,,,8.28435089,7.908503384,8.407892197,7.540403624,8.172377281,,4.098500696,5.448991385,6.807588937,7.081244249,8.63983072,,
Canada,CAN,Tax revenue (% of GDP),GC.TAX.TOTL.GD.ZS,,,,,,,,,,,,,,,,,,,,,,,,,,,,,,,14.16312048,14.4495626,14.35716091,13.69687137,13.11451323,13.3295053,13.92401371,14.56772835,14.66839759,14.69992073,14.85774318,14.18147981,13.37762747,13.22893471,13.34474787,13.29949289,13.34822067,13.33443201,12.3901656,12.30438595,11.7328093,11.80392128,11.66442736,11.6235046,11.80837908,12.38981091,12.49656263,12.61201668,13.06197868,13.26603193,
Central Europe and the Baltics,CEB,Tax revenue (% of GDP),GC.TAX.TOTL.GD.ZS,,,,,,,,,,,,,,,,,,,,,,,,,,,,,,,,,,,20.8857854,20.32151291,19.5967728,19.33503964,19.22111146,18.46086503,17.92604292,17.19013146,17.32435471,17.69922751,17.31057548,17.48807224,17.76009336,18.28164336,18.17692453,16.75022486,16.94368705,17.19323924,17.23211738,17.22250369,17.24670582,17.65401633,17.62455748,17.63474175,17.67802425,17.71111513,
Switzerland,CHE,Tax revenue (% of GDP),GC.TAX.TOTL.GD.ZS,,,,,,,,,,,,,,,,,,,,,7.286070916,7.301388931,7.594250226,7.628990701,7.786221273,7.665643206,8.302274836,7.959949974,8.331595604,7.818290933,7.947039281,7.754319273,7.912704426,7.333484555,7.849145806,7.908810764,8.329050426,8.31453246,9.249054088,8.899560996,10.00993485,8.950523693,8.930459165,8.953141478,8.984394511,9.077115149,9.149140501,9.014252833,9.536097764,9.281755959,9.292882509,9.242550463,9.093700566,9.171629587,8.990095853,9.446872617,9.300428033,9.929127814,9.559657519,9.775174718,
Channel Islands,CHI,Tax revenue (% of GDP),GC.TAX.TOTL.GD.ZS,,,,,,,,,,,,,,,,,,,,,,,,,,,,,,,,,,,,,,,,,,,,,,,,,,,,,,,,,,,,,
Chile,CHL,Tax revenue (% of GDP),GC.TAX.TOTL.GD.ZS,,,,,,,,,,,,,16.22327115,17.4205001,16.33795193,20.6011544,18.39775425,18.75577342,18.68081482,17.9453589,19.04662355,20.12058615,19.75349856,18.84345471,20.0281873,18.13121158,17.97950397,16.80831626,14.37403174,13.94036449,13.30738435,15.22796307,15.74288974,16.31458996,15.62474421,15.10075395,16.17060719,15.92535405,15.85207689,15.17975701,16.15269282,16.03355182,16.20169514,15.94896337,16.40223152,18.02512363,19.49190685,20.25693262,18.71185961,14.5230955,17.3565144,18.85899085,18.99486687,17.3869727,16.9701562,17.44376183,17.38934619,17.46347376,18.26143699,17.80244825,
China,CHN,Tax revenue (% of GDP),GC.TAX.TOTL.GD.ZS,,,,,,,,,,,,,,,,,,,,,,,,,,,,,,,,,,,,,,,,,,,,,,8.569243858,9.057253983,9.771406065,10.10142653,10.30944174,10.21204861,10.31279489,10.25676868,9.907732583,9.678618827,9.376920447,9.122915561,9.419317653,9.052685732,,
Cote d'Ivoire,CIV,Tax revenue (% of GDP),GC.TAX.TOTL.GD.ZS,,,,,,,,,,,,,,,,,,,,,,,,,,,,,,,18.01090743,,,,,18.81907459,,,,,,9.536225945,10.05484621,9.656894506,10.01288858,9.872439118,10.32991608,10.66575675,10.74426681,10.50126584,10.21376211,7.571481261,10.61935158,10.63592924,10.11725755,11.17582233,11.56634554,11.96698333,11.76875524,12.03285483,
Cameroon,CMR,Tax revenue (% of GDP),GC.TAX.TOTL.GD.ZS,,,,,,,,,,,,,,,,,,,,,,,,,,,,,,,9.76735862,8.905155245,9.753700886,6.550075788,5.898419523,7.183668971,,,9.694599136,9.707018079,,,,,,,,,,,,,11.3444056,11.52211698,12.28534381,12.11096959,11.65203139,11.87594119,12.34694571,,
"Congo, Dem. Rep.",COD,Tax revenue (% of GDP),GC.TAX.TOTL.GD.ZS,,,,,,,,,,,,,9.375919042,9.43446478,10.50315947,8.032897554,6.109294845,6.223399336,5.48574084,7.219107393,8.115150604,7.405317757,6.982668716,7.04959166,8.315511677,10.10003836,8.707175337,8.745043787,9.320710132,10.7040628,,,,,,,,,,,,,,,,,,,,,,,,,,,,,,,
"Congo, Rep.",COG,Tax revenue (% of GDP),GC.TAX.TOTL.GD.ZS,,,,,,,,,,,,,,,,,,,,,,,,,,,,,,,,,,,,,,,,,,9.070936874,8.142904651,8.647504676,7.813594406,5.688120435,5.29500882,6.027573817,5.896624548,8.22388189,6.902938646,8.11448977,7.278246336,8.624360765,9.584351436,12.75364185,13.81279939,11.36928323,7.750240556,,
Colombia,COL,Tax revenue (% of GDP),GC.TAX.TOTL.GD.ZS,,,,,,,,,,,,,,,,,,,,,,,,,,,,,,,,,,,,,,,13.74373215,13.47692128,11.21975419,,,11.25882686,,,,,13.03151101,12.67522738,12.1421652,14.57588119,13.22699071,14.02211435,15.69974837,15.79726266,14.38521293,14.85081841,14.79105096,15.07137014,
Comoros,COM,Tax revenue (% of GDP),GC.TAX.TOTL.GD.ZS,,,,,,,,,,,,,,,,,,,,,,,,,,,,,,,,,,,,,,,,,,,,,,,,,,,,,,,,,,,,,
Cabo Verde,CPV,Tax revenue (% of GDP),GC.TAX.TOTL.GD.ZS,,,,,,,,,,,,,,,,,,,,,,,,,,,,,,,,,,,,,,,,,,,,,,21.07697136,22.74444386,20.90676315,21.28379768,18.42064171,18.44614056,19.7309446,17.88198499,17.83930625,17.05275837,18.7780858,18.60381766,20.08675268,,,
Costa Rica,CRI,Tax revenue (% of GDP),GC.TAX.TOTL.GD.ZS,,,,,,,,,,,,,11.44136907,12.49704782,13.620164,12.43707088,12.1882799,12.3050282,12.65156228,11.8839706,11.61681397,12.38120078,12.65574835,15.21876982,14.71680728,13.27305302,13.25739833,14.43415782,14.70223261,13.70475078,13.05733465,10.58635151,11.97654825,12.03526931,11.58078693,12.24503796,12.64281524,12.61316492,12.82386493,13.13375816,12.83971283,13.3610338,13.3681089,13.58495161,13.3589275,13.63539699,13.84166374,14.85647016,15.23250991,13.18307199,12.95254206,13.20898687,13.10529607,13.41682475,13.04558896,13.25399422,13.51085434,13.24410255,13.18214869,13.44617903,
Caribbean small states,CSS,Tax revenue (% of GDP),GC.TAX.TOTL.GD.ZS,,,,,,,,,,,,,,,,,,,,,,,,,,,,,,,,,,,,,,,,,,19.19751476,18.47354169,19.89257538,20.32894993,22.23875052,24.25576643,22.70465457,24.29207136,22.99820862,22.45469291,22.46930701,22.67857347,22.08762517,22.69675292,23.21534695,21.0153096,20.51369202,20.65529028,,
Cuba,CUB,Tax revenue (% of GDP),GC.TAX.TOTL.GD.ZS,,,,,,,,,,,,,,,,,,,,,,,,,,,,,,,,,,,,,,,,,,,,,,,,,,,,,,,,,,,,,
Curacao,CUW,Tax revenue (% of GDP),GC.TAX.TOTL.GD.ZS,,,,,,,,,,,,,,,,,,,,,,,,,,,,,,,,,,,,,,,,,,,,,,,,,,,,,,,,,,,,,
Cayman Islands,CYM,Tax revenue (% of GDP),GC.TAX.TOTL.GD.ZS,,,,,,,,,,,,,,,,,,,,,,,,,,,,,,,,,,,,,,,,,,,,,,,,,,,,,,,,,,,,,
Cyprus,CYP,Tax revenue (% of GDP),GC.TAX.TOTL.GD.ZS,,,,,,,,,,,,,,,,13.38910416,12.12039578,13.23091413,13.5794674,14.19974579,14.78758357,13.79337865,14.24138954,15.40599949,16.13204632,16.55646917,16.70123085,16.33131155,17.38664219,18.35703743,30.80590284,29.01243177,30.86814909,33.24434306,35.54473205,31.4981384,30.48481956,29.24651426,31.29495261,32.20188317,35.53316817,36.3857611,36.61750072,37.61499171,37.29678066,39.58566373,41.53925794,48.56342169,46.04608322,23.24918544,23.1149202,23.21412079,23.40029928,23.58048225,24.79036195,24.1283264,23.62100316,23.9117676,24.11579117,23.44595321,
Czech Republic,CZE,Tax revenue (% of GDP),GC.TAX.TOTL.GD.ZS,,,,,,,,,,,,,,,,,,,,,,,,,,,,,,,,,,18.74821125,16.65212059,16.23817739,15.29606315,15.08464636,14.36727033,14.87006338,14.47498606,14.74146668,14.56483172,14.98580461,15.40646666,14.48468636,14.22222952,14.61169007,13.67309281,13.57022193,13.65075748,14.52026341,14.92876345,15.08116108,14.42965406,14.76956046,14.91277755,15.00552855,14.83640854,14.69167311,
Germany,DEU,Tax revenue (% of GDP),GC.TAX.TOTL.GD.ZS,,,,,,,,,,,,,10.78410345,10.91939481,10.47522557,10.0448778,10.1703343,10.49086579,10.49325979,10.379879,10.2825669,10.05673696,9.794426611,9.75040311,10.19085826,10.19698085,9.937883422,10.08463439,9.816473973,10.25072194,9.832283682,11.62971371,11.75387472,11.46045725,11.67784428,11.47613493,10.90185179,10.72936797,10.8349798,11.50853614,11.70500073,10.9616854,10.83530471,10.99852141,10.42629457,10.6568166,10.85162762,11.33404013,11.47230109,11.61493705,11.19029793,11.48138523,11.62298611,11.61150337,11.4825632,11.47872896,11.29612025,11.41740839,11.44857565,11.40498366,
Djibouti,DJI,Tax revenue (% of GDP),GC.TAX.TOTL.GD.ZS,,,,,,,,,,,,,,,,,,,,,,,,,,,,,,,,,,,,,,,,,,,,,,,,,,,,,,,,,,,,,
Dominica,DMA,Tax revenue (% of GDP),GC.TAX.TOTL.GD.ZS,,,,,,,,,,,,,,,,,,,,,,,,,,,,,,,,,,,,,,,,,,,,,,,,,,,,,,,,,,,,,
Denmark,DNK,Tax revenue (% of GDP),GC.TAX.TOTL.GD.ZS,,,,,,,,,,,,,29.0073425,28.92177263,29.10840133,26.71837402,26.48581,27.07072012,28.13558182,28.60343479,28.5258746,28.04775221,27.09919336,27.80652075,29.0103743,30.5028086,32.74336013,32.22169217,32.44583801,31.39666031,29.72460684,29.12939079,29.48600415,30.84808287,31.56028067,31.66083202,31.87982065,31.7470264,32.04662624,31.92657078,31.59411903,30.16719583,30.11718967,30.14077788,31.29221449,33.07176767,31.86029116,35.09300117,33.42154071,33.18383922,32.73723667,32.75348927,33.44639821,33.81975266,36.50029166,33.92161906,33.29505948,33.39987958,32.17781793,34.28475613,
Dominican Republic,DOM,Tax revenue (% of GDP),GC.TAX.TOTL.GD.ZS,,,,,,,,,,,,,13.8522693,13.43824633,14.42048057,16.08135141,13.26331773,12.53733296,11.35096316,11.03149778,10.30718945,9.712615556,7.978324503,8.457150294,9.022770398,9.69124559,11.28189554,11.2446214,11.70088735,12.3845918,10.29678928,7.590817698,10.87033538,11.15446274,10.53415802,10.57462484,10.34434253,11.40878793,11.43166966,11.52929548,12.16441366,13.38050699,13.21672761,11.74514298,12.52188432,13.69816112,13.99475989,14.88626837,14.16105352,12.63590935,12.20740113,12.29762551,13.02648297,13.50353563,13.38644704,12.81184796,12.91086855,13.03075106,13.02493499,13.3027786,
Algeria,DZA,Tax revenue (% of GDP),GC.TAX.TOTL.GD.ZS,,,,,,,,,,,,,,,,,,,,,,,,,,,,,,,,,,,,,,,,,,,,,,,,,,,,,,,,,,,,,
East Asia & Pacific (excluding high income),EAP,Tax revenue (% of GDP),GC.TAX.TOTL.GD.ZS,,,,,,,,,,,,,,,,,,,,,,,,,,,,,,,,,,,,,,,,,,,,,,9.060684202,9.559824585,10.17436112,10.68756193,10.63794965,10.52751939,10.74784283,10.69403904,10.44184005,10.18680001,9.907939604,9.629481341,9.826778928,9.526225541,,
Early-demographic dividend,EAR,Tax revenue (% of GDP),GC.TAX.TOTL.GD.ZS,,,,,,,,,,,,,,,,,,,,,,,,,,,,,,,11.79303139,11.78229041,11.95265244,10.94955794,11.41368755,11.90694396,12.17068771,12.94270528,11.65891946,,,,,,,,,,13.18822496,12.34420993,12.03910689,12.0607236,12.16011564,12.35656111,12.09922308,12.6213176,12.74087598,12.63714397,13.21617796,,
East Asia & Pacific,EAS,Tax revenue (% of GDP),GC.TAX.TOTL.GD.ZS,,,,,,,,,,,,,,,,,,,,,,,,,,,,,,,,,,,,,,,,,,,,,,11.2625013,11.70054786,12.24526258,12.56722063,12.22056121,11.94558666,12.14892318,12.21143863,12.03756957,11.79838955,11.55366799,11.43983692,11.63993314,11.5778311,,
Europe & Central Asia (excluding high income),ECA,Tax revenue (% of GDP),GC.TAX.TOTL.GD.ZS,,,,,,,,,,,,,,,,,,,,,,,,,,,,,,,,,,,,,,,,11.79504652,,,,,,,,,16.87191307,15.12086275,15.36649424,15.93893429,15.47505526,15.29882744,15.28539749,14.06168504,13.22932749,13.51523883,14.07904157,13.5916072,
Europe & Central Asia,ECS,Tax revenue (% of GDP),GC.TAX.TOTL.GD.ZS,,,,,,,,,,,,,,15.93034978,16.35486587,16.16282201,16.77207048,16.86520146,16.72634178,16.61535868,16.87159673,16.95515672,17.33559976,17.24178545,17.2233147,17.51925465,17.82114846,17.7211438,17.71014733,17.71393276,18.09963041,18.80182124,18.68947557,18.36585589,18.67870912,19.28975669,19.41603023,19.82132101,20.09535512,19.85131275,20.16254938,19.83446754,19.34600992,19.15135701,19.12697705,19.76540442,20.05006731,20.21109432,19.99715399,18.98330952,19.27912913,19.49863916,19.56426207,19.66549583,19.62750976,19.33347281,19.24438829,19.12301916,19.28206954,19.21249016,
Ecuador,ECU,Tax revenue (% of GDP),GC.TAX.TOTL.GD.ZS,,,,,,,,,,,,,,,,,,,,,,,,,,,,,,,,,,,,,,,,,,,,,,,,,,,,,,,,,,,,,
"Egypt, Arab Rep.",EGY,Tax revenue (% of GDP),GC.TAX.TOTL.GD.ZS,,,,,,,,,,,,,,,,20.52161459,17.33138442,25.5179722,23.07109664,21.28519787,,26.24429969,21.6957606,21.08270677,18.44620253,17.25469169,16.31972789,14.57087379,14.34902597,13.83896104,13.2348643,14.73777778,18.48023005,18.76417526,19.04742857,17.62303922,17.46294682,15.96464836,,,,,13.4077593,13.34994012,13.83597775,14.0686351,15.82951271,15.34985231,15.32052485,15.66136058,14.13007625,14.0086354,12.38490476,13.49806493,12.22014085,12.5192111,,,,,
Euro area,EMU,Tax revenue (% of GDP),GC.TAX.TOTL.GD.ZS,,,,,,,,,,,,,13.94737358,14.17826138,14.26117215,13.84229493,14.53087878,14.68178703,14.83410204,14.92186593,15.33789173,15.35093445,15.53662303,15.94213371,16.04375418,16.16356685,16.68484742,16.82207994,16.9559192,17.13498369,17.06603029,17.92853951,18.02585198,17.89693524,17.81514681,18.54944516,18.71225142,19.13595588,19.46878159,19.93481729,19.74621581,19.34466597,18.945927,18.73485108,18.46040378,18.63317096,19.02293522,19.13234644,18.99828148,18.48047653,18.66696368,18.8013797,19.28518204,19.59742505,19.59037696,19.46754141,19.41589119,19.01081293,19.15769493,19.22166095,
Eritrea,ERI,Tax revenue (% of GDP),GC.TAX.TOTL.GD.ZS,,,,,,,,,,,,,,,,,,,,,,,,,,,,,,,,,,,,,,,,,,,,,,,,,,,,,,,,,,,,,
Spain,ESP,Tax revenue (% of GDP),GC.TAX.TOTL.GD.ZS,,,,,,,,,,,,,8.95880346,9.320855204,8.580821453,8.762149051,9.021789494,8.900408394,9.499495523,9.670158389,9.670197788,9.968082834,9.227645645,10.63844193,10.58962958,12.5851835,14.43001041,15.56555382,15.39696129,16.7279527,15.71080742,15.77697252,16.02146236,14.8820061,15.10676921,,,,,,,,,,,,,,,,,,,,,,,13.72231073,14.23284596,13.76409844,
Estonia,EST,Tax revenue (% of GDP),GC.TAX.TOTL.GD.ZS,,,,,,,,,,,,,,,,,,,,,,,,,,,,,,,,,,,,22.83901737,21.84909116,21.96718917,22.1073474,20.92459032,19.68616147,19.22107825,19.63431502,19.8292032,20.23265963,19.10031234,19.95927461,20.22298918,19.30206792,21.52102314,19.82395754,19.24387321,19.95207595,20.1672231,20.74737186,21.67069726,21.77469007,20.94180933,21.05216597,21.31778515,
Ethiopia,ETH,Tax revenue (% of GDP),GC.TAX.TOTL.GD.ZS,,,,,,,,,,,,,,,,,,,,,,,,,,,,,,,8.639189666,7.450608324,5.600781003,5.91191031,7.678250936,8.429521526,8.952488388,10.52276441,11.26214538,10.88481898,,8.083871673,9.709831679,9.116895507,9.680762203,8.724416385,8.262845855,7.812529666,7.814144254,6.581181381,8.16344108,9.209358617,9.377594715,8.764725377,8.811955393,8.351338267,8.087065533,7.603929229,7.519920423,6.661741322,
European Union,EUU,Tax revenue (% of GDP),GC.TAX.TOTL.GD.ZS,,,,,,,,,,,,,,14.72078261,14.77994919,14.30031855,15.06141418,15.24389599,15.34047851,15.36826211,15.73030921,15.58359037,15.709479,16.11887295,16.28103735,16.54083448,17.03510305,17.25258084,17.38638139,17.51476185,17.70658435,18.45823868,18.40679132,18.22261917,18.27162845,19.35836872,19.4702567,19.79943113,20.16388812,20.51217381,20.29509456,19.77339064,19.40009041,19.25998919,19.03306266,19.28959409,19.62128077,19.8510197,19.6480869,19.07106358,19.25207125,19.3537598,19.77276705,20.04270713,20.100692,19.98734899,19.96250766,19.56830688,19.66245798,19.73979636,
Fragile and conflict affected situations,FCS,Tax revenue (% of GDP),GC.TAX.TOTL.GD.ZS,,,,,,,,,,,,,,,,,,,,,,,,,,,,,,,,,,,,,,,,,,,,,,,,,,,,,,,,,,,,,
Finland,FIN,Tax revenue (% of GDP),GC.TAX.TOTL.GD.ZS,,,,,,,,,,,,,21.76551984,22.00372005,21.34828054,22.1594667,24.70206966,24.22050442,22.41867877,21.18776513,21.45811495,22.52755929,22.16231439,22.33759106,22.73840362,23.47787372,23.97441857,22.66597819,24.18922194,24.64828124,24.41858152,24.43939981,24.884005,22.41930067,23.10862708,20.7023917,21.91060216,22.61589972,22.70946428,22.38724826,24.24033655,21.88995215,22.46743801,22.05813547,21.8124441,21.79285554,21.42026756,21.06515139,20.49108177,18.88284263,18.60127669,20.01787897,20.13559693,20.64349724,20.63152197,20.47070511,20.81344992,20.73388982,20.82383881,20.67066358,
Fiji,FJI,Tax revenue (% of GDP),GC.TAX.TOTL.GD.ZS,,,,,,,,,,,,,,,,,,,,,,,,,,,,,,,22.75707071,21.87169442,21.59256686,21.40218038,21.4900303,22.20614241,21.20782003,,,,,,,,22.3492148,21.5360119,23.38627925,,,,21.82256442,22.91709332,22.89257614,23.47566275,22.64375609,23.61570563,23.53462354,24.66994207,23.99335343,22.67678013,
France,FRA,Tax revenue (% of GDP),GC.TAX.TOTL.GD.ZS,,,,,,,,,,,,,18.67533827,17.84425111,18.8734544,17.72182016,18.83999014,18.24079445,18.25723641,18.83168971,19.29191915,19.36757322,19.60021256,19.44421465,19.56741343,19.65146058,19.65976909,19.87064584,19.21244995,18.90600144,18.73424732,18.91822615,18.46669257,18.38407657,19.08411698,19.46320734,20.38584454,21.10085498,23.0269932,23.63199403,23.39189157,23.37446366,22.56722859,22.11697552,22.1629571,22.29548022,22.57780885,22.12201755,22.00523996,20.70142768,21.95265949,21.81649646,22.53074008,23.21091787,23.16141532,23.19771546,23.0648275,23.62933465,24.16881267,24.55248632,
Faroe Islands,FRO,Tax revenue (% of GDP),GC.TAX.TOTL.GD.ZS,,,,,,,,,,,,,,,,,,,,,,,,,,,,,,,,,,,,,,,,,,,,,,,,,,,,,,,,,,,,,
"Micronesia, Fed. Sts.",FSM,Tax revenue (% of GDP),GC.TAX.TOTL.GD.ZS,,,,,,,,,,,,,,,,,,,,,,,,,,,,,,,,,,,,,,,,,,,,,,,,,4.288016383,4.396016049,4.661135884,4.964073105,4.891801556,5.466541557,12.54406661,5.418243679,6.003491488,10.40788067,25.19627385,19.22771691,
Gabon,GAB,Tax revenue (% of GDP),GC.TAX.TOTL.GD.ZS,,,,,,,,,,,,,,,,,,,,,,,,,,,,,,,,,,,,,,,,,,,,,,,,,,,,,14.06052433,16.05883561,15.10522888,12.83006855,11.46806371,11.0849703,10.21533638,11.47952824,
United Kingdom,GBR,Tax revenue (% of GDP),GC.TAX.TOTL.GD.ZS,,,,,,,,,,,,,23.01848532,21.07158307,23.74607351,24.26560756,23.80069525,23.32577445,22.15422207,21.90377871,23.87606593,24.6394262,25.86613933,24.6485305,24.7776311,25.13357342,24.50068363,23.15879508,22.99074992,22.76227158,24.1512946,24.84713704,24.28031599,22.98109177,23.79709499,23.19391769,23.03468757,23.70014224,24.97821335,25.46493661,26.09959035,25.60867863,24.91733427,24.49875791,25.11719503,25.44618106,25.65188302,25.82278563,26.34010778,24.0190223,25.19782036,25.69312295,24.93930653,24.91680864,24.70277087,24.80214054,25.13961355,25.30971898,25.23634323,24.90676336,
Georgia,GEO,Tax revenue (% of GDP),GC.TAX.TOTL.GD.ZS,,,,,,,,,,,,,,,,,,,,,,,,,,,,,,,,,,,,5.41484296,7.876437896,10.6237239,10.01573047,11.19127842,11.40143304,11.80467486,11.62151288,10.9223386,15.10234826,16.54260858,18.57011291,20.95528958,24.22450445,23.5093962,21.42739304,23.21311527,23.65640368,22.48304661,22.47686673,22.75143657,23.50346021,23.34010441,22.43079503,23.11733297,21.40531485
Ghana,GHA,Tax revenue (% of GDP),GC.TAX.TOTL.GD.ZS,,,,,,,,,,,,,,,,,,,,,,,,,,,,,,,11.43679869,13.15959562,10.76865718,13.14924718,,,,,,,,17.19292789,17.49311121,18.47768613,21.75210552,21.32150832,12.80707166,13.87798455,13.89596791,12.61246152,13.3883874,14.86579036,15.36818101,10.6718365,10.7160492,17.9510331,11.05832931,11.57703116,12.24424167,12.0399791,
Gibraltar,GIB,Tax revenue (% of GDP),GC.TAX.TOTL.GD.ZS,,,,,,,,,,,,,,,,,,,,,,,,,,,,,,,,,,,,,,,,,,,,,,,,,,,,,,,,,,,,,
Guinea,GIN,Tax revenue (% of GDP),GC.TAX.TOTL.GD.ZS,,,,,,,,,,,,,,,,,,,,,,,,,,,,,,11.41003544,12.1055382,10.74553241,10.84178387,,,,,,,,,,,,,,,,,,,,,,,,,,,,
"Gambia, The",GMB,Tax revenue (% of GDP),GC.TAX.TOTL.GD.ZS,,,,,,,,,,,,,,,,,,,,,,,,,,,,,,,18.20477998,,,,,,,,,,,,,,,,,,,,,,,,,,,,,,
Guinea-Bissau,GNB,Tax revenue (% of GDP),GC.TAX.TOTL.GD.ZS,,,,,,,,,,,,,,,,,,,,,,,,,,,,,,,,,,,,,,,,,,,,,,,,,,,,,,,,,,10.3228332,,9.462074358,
Equatorial Guinea,GNQ,Tax revenue (% of GDP),GC.TAX.TOTL.GD.ZS,,,,,,,,,,,,,,,,,,,,,,,,,,,,,,,,,,,,,,,,,,,,,,,9.668882886,7.546688154,7.786359889,12.76309665,7.586159224,7.015790112,8.742219053,8.516349943,8.298900808,11.45673493,6.384406989,5.981846872,6.168908879,9.258645454,
Greece,GRC,Tax revenue (% of GDP),GC.TAX.TOTL.GD.ZS,,,,,,,,,,,,,12.90267934,12.48364099,12.63640958,12.70294046,14.09975237,13.96490905,14.2863225,13.89605477,13.77116861,12.32282943,14.93487112,15.59784975,13.97016215,13.81211855,15.59258369,16.3554572,15.09763675,13.00029739,15.12129057,,,,,18.58084129,18.63608852,19.52190171,20.52808216,21.43304629,22.47052184,20.93777279,21.26687723,19.70767677,19.13473006,20.32650575,19.97920074,20.24284251,20.21361261,19.7756802,20.38603357,22.47769443,24.26841791,24.12327296,24.86966867,24.88137603,26.66965802,26.4585125,26.94565951,26.1936671,
Grenada,GRD,Tax revenue (% of GDP),GC.TAX.TOTL.GD.ZS,,,,,,,,,,,,,,,,,,,,,,,,,,,,,,,,,,,,,,,,,,,,,,,,,,,,,,,,,,,,,
Greenland,GRL,Tax revenue (% of GDP),GC.TAX.TOTL.GD.ZS,,,,,,,,,,,,,,,,,,,,,,,,,,,,,,,,,,,,,,,,,,,,,,,,,,,,,,,,,,,,,
Guatemala,GTM,Tax revenue (% of GDP),GC.TAX.TOTL.GD.ZS,,,,,,,,,,,,,,,,,,,,,,,,,,,,,,,6.86521167,7.325686438,8.313948701,7.81982717,6.765227236,7.714731243,8.529663739,8.697669273,9.371933975,10.24715093,10.06497645,11.03867221,12.07359616,11.85839594,11.74284983,11.38438352,12.05105635,12.25524129,11.45903031,10.50468557,10.60502184,11.01784354,11.00955226,11.10229389,10.77781592,10.35825157,10.42151488,10.63557397,10.57818026,10.45602392,
Guam,GUM,Tax revenue (% of GDP),GC.TAX.TOTL.GD.ZS,,,,,,,,,,,,,,,,,,,,,,,,,,,,,,,,,,,,,,,,,,,,,,,,,,,,,,,,,,,,,
Guyana,GUY,Tax revenue (% of GDP),GC.TAX.TOTL.GD.ZS,,,,,,,,,,,,,,,,,,,,,,,,,,,,,,,,,,,,,,,,,,,,,,,,,,,,,,,,,,,,,
High income,HIC,Tax revenue (% of GDP),GC.TAX.TOTL.GD.ZS,,,,,,,,,,,,,14.17492012,13.83336091,14.2857215,13.94240499,14.02923453,14.4508822,14.36417663,14.53812361,14.8000881,15.1287527,14.9874884,14.26110464,14.17960381,14.42437788,14.4256365,14.77064353,14.60984178,14.57384823,14.49961078,14.54139433,14.15238837,14.12057917,14.69122688,15.30296687,15.58249994,15.81711893,16.2293443,16.41394377,16.98991822,16.33827374,15.1955714,14.92478703,14.95484509,15.63580065,16.07592492,16.17453317,15.66604759,14.07870915,14.23494895,14.61486753,14.81866286,15.1992964,15.35958369,15.45446989,15.38789457,15.78608542,15.24026756,15.27768424,
"Hong Kong SAR, China",HKG,Tax revenue (% of GDP),GC.TAX.TOTL.GD.ZS,,,,,,,,,,,,,,,,,,,,,,,,,,,,,,,,,,,,,,,,,,,,,,,,,,,,,,,,,,,,,
Honduras,HND,Tax revenue (% of GDP),GC.TAX.TOTL.GD.ZS,,,,,,,,,,,,,10.67247887,10.82739785,11.12131464,11.08540925,11.6617215,13.09374103,7.900577115,8.137050097,8.813908611,8.643894327,,,,,,,,,,,,,,,,,,,,,,13.74646578,14.49585933,14.53495396,15.23835608,16.38500055,16.13051598,14.16197019,14.4250984,14.78797879,14.74747232,15.06324191,16.54263824,17.34447206,,,,,
Heavily indebted poor countries (HIPC),HPC,Tax revenue (% of GDP),GC.TAX.TOTL.GD.ZS,,,,,,,,,,,,,,,,,,,,,,,,,,,,,,,,,,,,,,,,,,,,,,,,,,,,,11.34919176,11.03800247,11.41694701,12.26356707,11.43753625,,,,
Croatia,HRV,Tax revenue (% of GDP),GC.TAX.TOTL.GD.ZS,,,,,,,,,,,,,,,,,,,,,,,,,,,,,,,,,,,,22.55187371,22.24132052,21.51106957,23.47387949,22.63127002,22.14237185,21.24111396,21.65656898,21.12442702,20.35135124,20.38598224,20.72126279,20.59562839,20.39693453,19.51568085,19.57899831,18.98463961,19.52065459,20.03226426,19.7062425,20.58075214,21.06404185,21.21943715,21.52844209,21.71184613,
Haiti,HTI,Tax revenue (% of GDP),GC.TAX.TOTL.GD.ZS,,,,,,,,,,,,,,,,,,,,,,,,,,,,,,,,,,,,,,,,,,,,,,,,,,,,,,,,,,,,,
Hungary,HUN,Tax revenue (% of GDP),GC.TAX.TOTL.GD.ZS,,,,,,,,,,,,,,,,,,,,,,,,,,,,,,,,25.54953021,24.07442467,25.01049013,24.1947854,23.16720532,22.91607843,20.93471548,20.76523789,21.80216516,22.37846265,21.39965711,20.8930507,20.65751041,20.35871758,19.89495517,19.80360129,21.37590168,23.25204715,23.28627544,22.57809694,21.03295848,22.86015077,22.8598521,23.01105704,23.22841828,23.06274308,22.87745304,22.53156518,22.47674709,
IBRD only,IBD,Tax revenue (% of GDP),GC.TAX.TOTL.GD.ZS,,,,,,,,,,,,,,,,,,,,,,,,,,,,,,,,,,,,,,,,,,,,,,11.14996474,11.72315009,12.24407824,12.4413368,11.82762138,12.17535208,12.46095948,12.34546906,12.18521593,11.84401131,11.68522563,11.48120331,11.59915202,11.60717577,,
IDA & IBRD total,IBT,Tax revenue (% of GDP),GC.TAX.TOTL.GD.ZS,,,,,,,,,,,,,,,,,,,,,,,,,,,,,,,,,,,,,,,,,,,,,,11.11529144,11.66643018,12.17653479,12.38485088,11.76257521,12.13100597,12.41930893,12.31148178,12.14774654,11.83547678,11.69654062,11.48485851,11.6261174,11.6325378,,
IDA total,IDA,Tax revenue (% of GDP),GC.TAX.TOTL.GD.ZS,,,,,,,,,,,,,,,,,,,,,,,,,,,,,,,,,,,,,,,,,,,,,,,,,,,,,,,,,,,,,
IDA blend,IDB,Tax revenue (% of GDP),GC.TAX.TOTL.GD.ZS,,,,,,,,,,,,,,,,,,,,,,,,,,,,,,,,,,,,,,,,,,,,,,,,,,,,,,,,,,,,,
Indonesia,IDN,Tax revenue (% of GDP),GC.TAX.TOTL.GD.ZS,,,,,,,,,,,,,12.44522349,13.81526342,15.9693687,16.55526992,17.89004765,17.72159889,17.89325596,20.28389965,21.77983836,21.94643419,20.05614379,18.82286533,17.48438914,18.75089737,14.62076982,15.0836946,15.08393805,15.95720183,19.13708376,17.18969691,17.1229527,14.35642033,15.94841919,14.96477227,14.23480194,16.01184841,15.02758818,16.31583561,,11.57818458,11.82695959,12.38553206,12.3307679,,,,13.31061783,11.05778652,10.53748506,11.15812785,11.38058994,11.28530146,10.83552375,10.75348778,10.3363487,9.87729308,10.23014302,9.75203683,
IDA only,IDX,Tax revenue (% of GDP),GC.TAX.TOTL.GD.ZS,,,,,,,,,,,,,,,,,,,,,,,,,,,,,,,,,,,,,,,,,,,,,,,,,,,,,10.41415248,10.31656018,10.60755291,11.14799603,10.79158127,,,,
Isle of Man,IMN,Tax revenue (% of GDP),GC.TAX.TOTL.GD.ZS,,,,,,,,,,,,,,,,,,,,,,,,,,,,,,,,,,,,,,,,,,,,,,,,,,,,,,,,,,,,,
India,IND,Tax revenue (% of GDP),GC.TAX.TOTL.GD.ZS,,,,,,,,,,,,,,,8.181120886,9.024502908,9.181837991,8.597094206,9.302274531,9.689048923,9.026071739,9.213690315,9.269121352,9.268497406,9.306539865,10.07541854,10.42730886,10.40830997,10.35673801,10.46834451,9.993591396,10.17092242,9.805228442,8.53523362,8.981772016,9.226824691,9.231468691,9.008577732,8.113143511,8.638300028,8.810143496,8.079454445,8.676273931,9.108084322,9.570817081,10.08093153,11.12933705,12.10834699,10.97717215,9.809725406,10.38803979,10.1773872,10.83677172,11.00162569,9.984654191,10.56970905,11.14773842,11.38744398,12.02551587,,
Not classified,INX,Tax revenue (% of GDP),GC.TAX.TOTL.GD.ZS,,,,,,,,,,,,,,,,,,,,,,,,,,,,,,,,,,,,,,,,,,,,,,,,,,,,,,,,,,,,,
Ireland,IRL,Tax revenue (% of GDP),GC.TAX.TOTL.GD.ZS,,,,,,,,,,,,,21.85998942,22.16929601,21.99726478,21.29561857,23.66494353,22.53302959,22.10937176,21.96423999,24.22688222,25.31422791,26.38442331,27.53525706,28.11945002,27.20557818,27.3535413,27.44805009,28.75125914,25.82915368,25.35991919,25.62922632,25.93238599,25.84053316,27.05650385,26.52658918,27.21103703,26.87358515,26.49432841,26.65105997,26.34994041,24.20823815,23.51684578,24.16073918,25.06972308,25.45714024,26.81881277,25.93716835,23.81094122,22.06237631,21.84368272,21.86034939,22.4820629,22.91521086,23.13846236,18.78277038,19.05498254,18.2991702,18.13029717,17.72946556,
"Iran, Islamic Rep.",IRN,Tax revenue (% of GDP),GC.TAX.TOTL.GD.ZS,,,,,,,,,,,,,8.265513269,7.547810911,5.417790964,8.194078453,7.562058504,8.216323008,8.870858569,5.993374742,5.170284876,6.9790356,5.922931727,6.03398097,6.437096596,7.329809638,6.784250891,6.005338425,5.434552423,5.369750444,5.572236546,6.161890812,6.881180646,3.860245992,4.371236116,6.220798678,7.94631514,10.1579621,8.644376054,8.327823337,5.861282096,5.746903558,4.994377712,5.20132535,5.195323352,6.657593715,6.21768141,5.93768769,6.197809288,7.358478041,,,,,,,,,,,
Iraq,IRQ,Tax revenue (% of GDP),GC.TAX.TOTL.GD.ZS,,,,,,,,,,,,,,,,,,,,,,,,,,,,,,,,,,,,,,,,,,,,,,,,,,,,,,,0.914773293,1.321196149,2.077805236,2.687030207,1.984007163,1.336237224,
Iceland,ISL,Tax revenue (% of GDP),GC.TAX.TOTL.GD.ZS,,,,,,,,,,,,,22.8181417,22.8736844,23.77127281,22.88233219,21.77024549,20.74879635,21.14889515,21.89795822,21.21164078,22.55161853,22.95069252,20.5732606,20.94470828,20.10444776,20.30389002,20.69383421,22.30586464,23.44165509,23.5075075,22.85692107,23.16095542,22.50635078,22.25478848,22.51334754,23.44783977,21.99692087,23.95537868,25.86039431,25.10557259,22.76406737,22.59271182,23.67708233,24.76632097,27.24299312,26.89713758,25.95849178,22.79777458,19.93353865,20.22643799,20.58217743,21.50330708,21.6567855,24.49195998,22.68944412,37.61284979,23.9232132,22.9729258,21.77637832,
Israel,ISR,Tax revenue (% of GDP),GC.TAX.TOTL.GD.ZS,,,,,,,,,,,,,,,,,,,,,,,,,,,,,,,,,,,,26.97736717,26.29216994,26.61339837,25.68124234,25.55617782,27.09900796,26.65986327,25.70824036,24.94671731,24.82322661,25.31930068,26.05615714,25.98999335,23.69188506,21.80311869,22.43369528,22.68548516,22.03702621,22.83008316,23.10221225,23.32188416,23.27934954,24.43960688,22.87934424,22.36139433,
Italy,ITA,Tax revenue (% of GDP),GC.TAX.TOTL.GD.ZS,,,,,,,,,,,,,,12.55060647,13.4981707,12.71382362,14.07338445,14.90944063,15.62198192,15.77984982,17.3682515,17.78433945,19.38829234,21.12833654,20.95583444,20.39610872,22.17639059,21.49233865,23.24040592,23.94767349,24.17772966,24.80852328,25.49780524,26.27493784,25.09400327,24.36303129,24.29062351,25.7756322,24.64437781,24.99307535,23.80974052,23.40575007,22.89138772,22.76357266,22.21584927,21.95930961,23.32782117,23.76334792,23.48996403,23.74294495,23.68062299,23.64758929,24.94682979,25.13890393,24.84107219,24.73952717,25.07030955,24.68367944,24.23676938,24.59169968,
Jamaica,JAM,Tax revenue (% of GDP),GC.TAX.TOTL.GD.ZS,,,,,,,,,,,,,,,,,,,,,,,,,,,,,23.47813362,24.4940968,23.48648503,23.08286448,23.4680682,21.3287135,21.10316755,21.74404001,20.10919957,19.91409421,20.85185729,21.89223451,22.49466254,21.41481302,21.85901019,24.07110007,24.16749731,23.21597284,24.01438994,24.78654643,24.68475662,24.9559702,24.27817173,23.3643683,24.33289303,24.0092922,24.05321483,24.81530926,26.02666947,26.22100376,26.78106657,27.45394175,
Jordan,JOR,Tax revenue (% of GDP),GC.TAX.TOTL.GD.ZS,,,,,,,,,,,,,,,,,,,,,,,,,,,,,,,18.00727897,17.94996619,22.97071033,20.91683427,19.98619373,20.70909766,21.68699456,19.05481092,18.12333296,18.11061609,18.99893687,18.68029646,17.4817064,18.21787761,20.99608415,24.41581176,24.5549491,24.68963512,17.15221065,16.53035158,15.49909081,14.60823722,14.92128052,14.930515,15.43164403,14.95102562,15.02063044,14.77294725,14.87937064,14.81403832,
Japan,JPN,Tax revenue (% of GDP),GC.TAX.TOTL.GD.ZS,,,,,,,,,,,,,,,,,,,,,,,,,,,,,,,,13.13318922,11.62717415,11.59076179,,,,,,,,,,,,,,,,,,,,,,,,,,,
Kazakhstan,KAZ,Tax revenue (% of GDP),GC.TAX.TOTL.GD.ZS,,,,,,,,,,,,,,,,,,,,,,,,,,,,,,,,,,,,,,6.787220587,7.294793896,7.745369934,10.22139507,9.642300653,12.13435978,13.08323765,13.90867797,,,,,,15.71238046,18.25783421,13.31209815,16.03017776,14.19343274,9.835711552,9.924250197,10.30301138,11.71779959,11.78694274,
Kenya,KEN,Tax revenue (% of GDP),GC.TAX.TOTL.GD.ZS,,,,,,,,,,,,,,,,,,,,,,,,,,,,,,,,,,,,,,,,,,,,,,,,,,,,,,,15.18702127,14.83948265,14.96647273,15.05246413,14.36127892,15.07371418,
Kyrgyz Republic,KGZ,Tax revenue (% of GDP),GC.TAX.TOTL.GD.ZS,,,,,,,,,,,,,,,,,,,,,,,,,,,,,,,,,,,,,,,,,,,,,,,,,,,,,,,17.54865309,16.80166806,16.94917318,17.04628506,17.99885701,16.86406795,
Cambodia,KHM,Tax revenue (% of GDP),GC.TAX.TOTL.GD.ZS,,,,,,,,,,,,,,,,,,,,,,,,,,,,,,,,,,,,,,,,,,,8.172911274,7.537844416,8.117265035,7.893242769,8.178822069,9.696979265,10.55519636,9.64778105,10.00304014,10.15469287,11.08248635,12.07885296,14.62663089,14.5828781,14.82589055,15.78871893,17.05208455,19.73205527,
Kiribati,KIR,Tax revenue (% of GDP),GC.TAX.TOTL.GD.ZS,,,,,,,,,,,,,,,,,,,,,,,,,,,,,,,,,,,,,,,,,,,,,,,,,,,,17.62900862,18.31624114,18.03954293,17.74196669,22.08747638,24.92103444,21.96774585,20.8988527,25.68359316,
St. Kitts and Nevis,KNA,Tax revenue (% of GDP),GC.TAX.TOTL.GD.ZS,,,,,,,,,,,,,,,,,,,,,,,,,,,,,,,14.3862939,14.58536258,14.52345626,15.19785435,15.24600655,,,,,,16.52834435,15.73033708,21.02503834,21.50396882,21.25475841,20.66181333,20.85016208,21.63213001,20.74231443,19.53530386,16.70977334,18.48039873,18.46302661,18.57897839,19.18956815,20.35971627,18.3164464,17.35090782,,,
"Korea, Rep.",KOR,Tax revenue (% of GDP),GC.TAX.TOTL.GD.ZS,,,,,,,,,,,,,11.15354875,10.47527726,11.57495256,13.21180621,14.46161075,14.13362998,14.55405593,14.74586681,14.66327335,14.65276687,14.6962815,14.80168214,13.89466773,13.49942187,13.23871835,13.45628269,13.37445811,12.83580757,13.41918126,12.53582238,12.73074085,12.4997898,12.68774158,12.99209499,13.23436506,12.90180217,12.62021875,12.79189031,14.26177808,13.54878842,13.24866679,13.69345757,12.96682783,13.31307044,13.72753521,14.8173827,14.49519999,13.65096445,13.43693029,13.85096763,14.0775915,13.63062344,13.24116166,13.15814434,13.98195298,14.49381853,15.53638373,15.19956653,
Kuwait,KWT,Tax revenue (% of GDP),GC.TAX.TOTL.GD.ZS,,,,,,,,,,,,,37.43169399,37.2171311,32.67768247,,,4.615802221,7.597964496,2.178426333,2.699909503,3.73615037,3.444779017,3.23829933,3.128614104,1.938002524,2.095021769,1.267380316,1.229820571,1.175992911,1.545070847,0.255607395,0.08581481,1.092624066,1.422764285,1.146181245,0.965097411,1.173058751,1.492442927,,,,,,,,,,,,,,,,,,,,,,
Latin America & Caribbean (excluding high income),LAC,Tax revenue (% of GDP),GC.TAX.TOTL.GD.ZS,,,,,,,,,,,,,,,,,,,,,,,,,,,,,,,,,,,,,,,,,,,,,,,,,,,12.79883037,13.23107307,12.91200947,12.96680781,12.90159364,13.42250017,13.47675711,13.17951228,13.25968867,13.32125658,
Lao PDR,LAO,Tax revenue (% of GDP),GC.TAX.TOTL.GD.ZS,,,,,,,,,,,,,,,,,,,,,,,,,,,,,,,,,,,,,,,,,,,,,,,,,,,,,,,,,,,,,
Lebanon,LBN,Tax revenue (% of GDP),GC.TAX.TOTL.GD.ZS,,,,,,,,,,,,,,,,,,,,,,,,,,,,,,,,,,,,,,11.93272577,12.6332288,13.3726881,11.90122982,11.8780772,14.43059019,15.37671346,16.50864395,15.16810377,15.00828554,14.94411917,16.418394,16.85630601,16.84447668,16.37733291,15.19140281,14.05734888,14.09836782,13.428311,13.46166146,15.27429809,15.22153635,15.30226476,
Liberia,LBR,Tax revenue (% of GDP),GC.TAX.TOTL.GD.ZS,,,,,,,,,,,,,,,,,,,,,,,,,,,,,,,,,,,,,,,,,,,,,,,,,,,,,,,,,,,,,
Libya,LBY,Tax revenue (% of GDP),GC.TAX.TOTL.GD.ZS,,,,,,,,,,,,,,,,,,,,,,,,,,,,,,,,,,,,,,,,,,,,,,,,,,,,,,,,,,,,,
St. Lucia,LCA,Tax revenue (% of GDP),GC.TAX.TOTL.GD.ZS,,,,,,,,,,,,,,,,,,,,,,,,,,,,,,,,,,,,,,,,,17.05133145,16.48985075,16.66444444,16.16695424,17.21206531,17.63953053,17.63268523,18.26911895,18.68490273,19.13386957,18.16079874,17.95016575,17.08022642,18.11457128,18.05296311,18.7102516,19.17593415,18.24092741,,,
Latin America & Caribbean,LCN,Tax revenue (% of GDP),GC.TAX.TOTL.GD.ZS,,,,,,,,,,,,,,,,,,,,,,,,,,,,,,,,,,,,,,,,,,,,,,,,,,,13.16896813,13.65230802,13.35924531,13.32513102,13.24131774,13.7535377,13.80776025,13.48522579,13.60347496,13.60836522,
Least developed countries: UN classification,LDC,Tax revenue (% of GDP),GC.TAX.TOTL.GD.ZS,,,,,,,,,,,,,,,,,,,,,,,,,,,,,,,,,,,,,,,,,,,,,,,,,,,11.06677946,11.34590772,11.11404053,11.05170046,11.01270547,10.44821621,10.42404706,,,,
Low income,LIC,Tax revenue (% of GDP),GC.TAX.TOTL.GD.ZS,,,,,,,,,,,,,,,,,,,,,,,,,,,,,,,,,,,,,,,,,,,,,,,,,,,,,,,,,,,,,
Liechtenstein,LIE,Tax revenue (% of GDP),GC.TAX.TOTL.GD.ZS,,,,,,,,,,,,,,,,,,,,,,,,,,,,,,,,,,,,,,,,,,,,,,,,,,,,,,,,,,,,,
Sri Lanka,LKA,Tax revenue (% of GDP),GC.TAX.TOTL.GD.ZS,,,,,,,,,,,,,,,,,,,,,,,,,,,,,,,19.02083385,18.30479797,17.95345687,17.4699989,17.16797563,17.75201716,16.95069051,16.00769203,14.47642698,15.01207545,14.50276551,14.62550039,14.02036178,12.71067585,13.46596896,13.73252902,14.57725918,14.22160859,13.27733443,12.80032048,11.30003056,11.25639334,10.40841476,10.48662317,10.13750624,12.37995191,12.20138961,12.53125198,11.9818702,11.55618746,
Lower middle income,LMC,Tax revenue (% of GDP),GC.TAX.TOTL.GD.ZS,,,,,,,,,,,,,,,,,,,,,,,,,,,,,,,12.3519068,12.15653357,12.38661964,11.01694946,11.53374129,11.59421598,,12.00630605,,11.36551874,,9.93878809,10.18242187,10.48680359,10.76385352,,,,12.35833064,11.14917433,11.54786071,11.72083034,11.92557882,11.87893423,11.34868594,11.72271734,11.71631957,,,,
Low & middle income,LMY,Tax revenue (% of GDP),GC.TAX.TOTL.GD.ZS,,,,,,,,,,,,,,,,,,,,,,,,,,,,,,,,,,,,,,,,,,,,,,10.8185121,11.34914334,11.85682695,12.13162001,11.58534582,11.94295437,12.22464067,12.12458481,11.97844508,11.66134642,11.51026696,11.27693055,11.41659425,11.40089706,,
Lesotho,LSO,Tax revenue (% of GDP),GC.TAX.TOTL.GD.ZS,,,,,,,,,,,,,,,,,,,,,,,28.98835475,34.95877761,38.69351651,35.58108988,31.6971536,31.91319159,30.64371313,34.1989954,,27.75657635,28.30152625,29.67252716,29.87079575,28.75049718,26.96189969,29.21247489,25.08054334,24.72221533,22.93955586,25.78220615,24.19416305,27.11488202,28.961325,28.57390073,33.91975434,39.31628652,38.26034845,39.98760249,30.29906235,30.2136066,38.08375643,35.90752358,36.32843245,33.769182,29.29189613,33.01527102,32.34799086,32.87902905,
Late-demographic dividend,LTE,Tax revenue (% of GDP),GC.TAX.TOTL.GD.ZS,,,,,,,,,,,,,,,,,,,,,,,,,,,,,,,,,,,,,,,,,,,,,,11.06958114,11.50101569,12.06036788,12.22139299,11.74207651,12.04487021,12.19016977,11.98269659,11.70045566,11.51358786,11.01403232,10.70301466,10.94045235,10.88517557,,
Lithuania,LTU,Tax revenue (% of GDP),GC.TAX.TOTL.GD.ZS,,,,,,,,,,,,,,,,,,,,,,,,,,,,,,,,,,,,19.82454689,18.90896741,21.64609145,22.18670955,22.21381715,20.30037328,19.40462921,19.20183971,19.06385443,19.36200927,19.75462922,20.48420318,20.36935435,20.48203392,17.0401288,15.96497347,15.48237695,15.52996015,15.60121464,15.83633785,16.69486269,16.93159775,16.63389535,16.763344,19.83117638,
Luxembourg,LUX,Tax revenue (% of GDP),GC.TAX.TOTL.GD.ZS,,,,,,,,,,,,,16.66488402,17.19561755,17.65910341,20.66517166,20.33388906,22.81675496,23.67386782,21.88217876,22.33608677,22.7961717,22.9337644,25.45228423,24.89418137,24.86552497,24.16078827,24.36027848,23.56106866,22.59758011,22.87627833,21.60805633,22.18582235,23.75436634,25.02831298,24.47315489,24.69734343,25.24412927,25.60112179,25.10027006,25.47254469,24.98469319,24.78143499,24.62982161,24.04244548,25.33544317,23.9299641,24.3745461,23.5505945,23.83430451,23.81172291,23.98203922,24.42675464,24.54674088,24.74343675,23.22348897,23.75250293,24.42803687,26.64856549,26.58150497,
Latvia,LVA,Tax revenue (% of GDP),GC.TAX.TOTL.GD.ZS,,,,,,,,,,,,,,,,,,,,,,,,,,,,,,,,,,,,19.3430707,18.65633903,22.250659,23.66394022,22.66838319,20.71506328,20.66066227,19.96268823,20.20459232,20.33059788,21.43938097,22.12301992,21.60938874,20.68250003,18.67103586,19.65781233,20.59910874,21.07577017,21.74880717,22.04327315,22.36987727,23.48803225,23.46870328,22.81193429,21.2707604,
"Macao SAR, China",MAC,Tax revenue (% of GDP),GC.TAX.TOTL.GD.ZS,,,,,,,,,,,,,,,,,,,,,,,,,,,,,,,,,,,,,13.10324623,15.9467573,14.22167115,14.19246602,14.92285291,16.39758352,17.23481133,20.04767379,21.26856755,20.98034184,21.13448838,25.46243595,30.23591364,29.3068412,34.38843575,37.42427393,36.80275324,36.38810023,35.0873753,29.15024934,27.77528589,29.00420731,29.38664912,29.71209685,
St. Martin (French part),MAF,Tax revenue (% of GDP),GC.TAX.TOTL.GD.ZS,,,,,,,,,,,,,,,,,,,,,,,,,,,,,,,,,,,,,,,,,,,,,,,,,,,,,,,,,,,,,
Morocco,MAR,Tax revenue (% of GDP),GC.TAX.TOTL.GD.ZS,,,,,,,,,,,,,,,,,,,,,,,,,,,,,,,18.67672148,18.41541938,20.65142956,20.24770334,18.85493515,18.35120904,,19.40548746,19.16524702,19.87323876,,,19.07256603,18.78977248,18.97885165,20.97294126,21.45102144,23.90540285,26.49262558,23.45630398,22.81923338,23.29675614,23.90364037,22.34908936,22.02695111,21.21149899,21.45588701,21.75534723,21.87418331,21.41784887,
Monaco,MCO,Tax revenue (% of GDP),GC.TAX.TOTL.GD.ZS,,,,,,,,,,,,,,,,,,,,,,,,,,,,,,,,,,,,,,,,,,,,,,,,,,,,,,,,,,,,,
Moldova,MDA,Tax revenue (% of GDP),GC.TAX.TOTL.GD.ZS,,,,,,,,,,,,,,,,,,,,,,,,,,,,,,,,,,,,,12.08967623,18.2831061,18.08024084,15.05735397,14.72574961,12.17120031,12.88135437,14.67287013,16.35739261,18.48533942,19.57121151,20.56653565,20.44594895,17.68531332,15.16064079,15.24032716,15.59534633,15.46963596,16.63749486,16.40123682,16.24579227,17.44261223,17.69162952,17.31036034,
Madagascar,MDG,Tax revenue (% of GDP),GC.TAX.TOTL.GD.ZS,,,,,,,,,,,,,,,,,,,,,,,,,,,,,,,7.391907954,5.626451039,6.991043731,6.770597926,6.499532855,6.845865817,,,,,,,,8.597800286,9.372419868,8.690155518,9.201881621,9.848061325,11.39145084,8.344148961,8.535319118,8.710323638,8.368255543,8.785591773,8.441133382,8.945310374,9.244851874,10.02754473,10.28312868,10.53186462,
Maldives,MDV,Tax revenue (% of GDP),GC.TAX.TOTL.GD.ZS,,,,,,,,,,,,,,,,,,,,,5.115408609,6.891452233,12.21995927,12.63183714,9.261658031,9.99113868,10.28976937,12.2840691,13.57065658,15.0869616,13.96231926,14.6140953,14.95898236,13.73453732,13.00458215,13.59638849,13.45217883,14.44550444,14.20024047,14.09157047,13.79611004,9.826307389,9.507925449,9.420701834,10.48943585,11.56937388,11.75644071,12.14744951,11.57888281,9.100667992,,,,,,,,,,,
Middle East & North Africa,MEA,Tax revenue (% of GDP),GC.TAX.TOTL.GD.ZS,,,,,,,,,,,,,,,,,,,,,,,,,,,,,,,,,,,,,,,,,,,,,,,,,,,,,,,,,,,,,
Mexico,MEX,Tax revenue (% of GDP),GC.TAX.TOTL.GD.ZS,,,,,,,,,,,,,7.610619469,7.091172214,8,9.181818182,9.044493071,9.951325041,10.7402653,11.34289439,11.4238505,10.54584204,11.21787245,12.99939446,12.6232738,12.31257863,11.86499888,12.74757437,11.41196198,12.13921122,11.84836466,11.59449261,11.60243534,9.070611435,8.491921675,8.479624617,8.742981656,8.987730676,8.155611883,8.608136185,9.572861438,,,,,,,,10.02376741,9.679796263,10.11091331,10.01240267,9.773015605,10.29457862,10.62560505,12.78239352,13.53436035,13.03567268,13.06463778,13.14238535,
Marshall Islands,MHL,Tax revenue (% of GDP),GC.TAX.TOTL.GD.ZS,,,,,,,,,,,,,,,,,,,,,,,,,,,,,,,,,,,,,,,,,,,,,,,,,18.65809101,18.57771671,17.7984659,17.0491351,16.41017855,16.62675097,16.19254673,17.34691751,17.38324726,17.66285358,17.78924847,17.41610993,
Middle income,MIC,Tax revenue (% of GDP),GC.TAX.TOTL.GD.ZS,,,,,,,,,,,,,,,,,,,,,,,,,,,,,,,,,,,,,,,,,,,,,,10.82429861,11.36311133,11.87632087,12.14980506,11.61481947,11.9676329,12.25190725,12.14229421,11.99169891,11.66987733,11.5201495,11.28430349,11.41650026,11.40191871,,
North Macedonia,MKD,Tax revenue (% of GDP),GC.TAX.TOTL.GD.ZS,,,,,,,,,,,,,,,,,,,,,,,,,,,,,,,,,,,,,,,,,,,,,,18.42509865,18.08266169,19.07483022,18.52394611,17.12957827,16.8656928,16.999651,16.41665042,15.668958,16.23528371,16.81823312,16.95115782,17.16111359,17.57493632,17.08328108,
Mali,MLI,Tax revenue (% of GDP),GC.TAX.TOTL.GD.ZS,,,,,,,,,,,,,,,,,,,,,,,,,,,,,,,,,,,,,,,,,10.78507803,10.58547675,11.1732839,12.76795381,13.68704434,13.30025843,13.31614483,13.05597059,11.83761397,12.97358284,12.89285053,12.54521403,12.99131346,13.0329666,12.64664005,14.09510939,15.39597072,15.8828451,11.66973731,14.50113837,
Malta,MLT,Tax revenue (% of GDP),GC.TAX.TOTL.GD.ZS,,,,,,,,,,,,,21.17118907,22.01439629,20.6659997,18.87472189,17.73263658,18.35483092,19.15855318,,19.69424242,19.23403601,18.51096646,17.86284418,16.84151879,17.67666555,17.18032161,16.55215345,17.59891218,17.8970137,42.43432684,43.05083437,44.17204003,45.26292291,42.31400954,47.25807678,42.41854376,46.62520195,42.70555884,47.66556162,48.58527157,51.42409391,53.72732471,54.06966984,55.02400573,58.81945233,60.02766616,62.50279445,25.8058759,26.01451082,25.31011897,25.80812783,25.69167325,25.73815487,25.99328633,24.33835756,25.11458136,25.55255882,25.76749735,25.50043859,
Myanmar,MMR,Tax revenue (% of GDP),GC.TAX.TOTL.GD.ZS,,,,,,,,,,,,,,9.828053582,9.477544626,8.686311972,9.488448752,10.85809445,10.3650395,10.74881179,10.03759709,10.44803614,10.2618991,9.524598037,8.897698859,8.435384251,7.607571127,6.847470248,4.727440465,5.288961327,6.808928381,6.187567123,5.760240038,5.588180978,4.825621286,4.203050553,4.490126433,5.171779696,4.151490225,3.173288254,3.193175703,2.625514269,2.45405169,2.556897774,3.537890617,4.464587036,,,,,,,4.753684013,5.871265781,6.179052939,6.330417344,7.705196107,6.581009404,2.978486749,6.439272829,
Middle East & North Africa (excluding high income),MNA,Tax revenue (% of GDP),GC.TAX.TOTL.GD.ZS,,,,,,,,,,,,,,,,,,,,,,,,,,,,,,,,,,,,,,,,,,,,,,,,,,,,,,,,,,,,,
Montenegro,MNE,Tax revenue (% of GDP),GC.TAX.TOTL.GD.ZS,,,,,,,,,,,,,,,,,,,,,,,,,,,,,,,,,,,,,,,,,,,,,,,,,,,,,,,,,,,,,
Mongolia,MNG,Tax revenue (% of GDP),GC.TAX.TOTL.GD.ZS,,,,,,,,,,,,,,,,,,,,,,,,,,,,,,,,,11.08136574,17.51732902,11.32416493,9.773956356,9.602347816,10.57243315,8.358672087,9.805817878,13.9101607,14.66205919,13.36924022,18.03874557,,,28.70997468,23.47917648,21.65181536,16.5402944,19.59311925,18.46699109,15.31214218,15.73120804,12.90163424,11.89413792,11.35099345,13.54690845,16.68852831,,
Northern Mariana Islands,MNP,Tax revenue (% of GDP),GC.TAX.TOTL.GD.ZS,,,,,,,,,,,,,,,,,,,,,,,,,,,,,,,,,,,,,,,,,,,,,,,,,,,,,,,,,,,,,
Mozambique,MOZ,Tax revenue (% of GDP),GC.TAX.TOTL.GD.ZS,,,,,,,,,,,,,,,,,,,,,,,,,,,,,,,,,,,,,,,,,,,,,,,,,,,14.743555,17.07722631,19.01307026,21.8246052,24.32001414,20.33008851,20.29887017,22.18829694,21.43811712,26.89564274,
Mauritania,MRT,Tax revenue (% of GDP),GC.TAX.TOTL.GD.ZS,,,,,,,,,,,,,,,,,,,,,,,,,,,,,,,,,,,,,,,,,,,,,,,,,,,,,,,,,,,,,
Mauritius,MUS,Tax revenue (% of GDP),GC.TAX.TOTL.GD.ZS,,,,,,,,,,,,,,,,,20.12117347,19.71517824,17.72930649,16.5013089,18.41439577,17.64227642,16.66012793,19.09033926,19.51740947,18.01059093,17.77817259,17.81273223,19.26611582,20.09316584,19.64680527,20.29344156,19.15028933,18.1006276,18.28150661,16.11421661,14.81298708,15.9934846,15.99336207,16.74865649,16.95366402,15.14080129,15.0065488,16.09532762,16.24026706,17.25638711,16.02867142,15.10546176,16.96721946,18.07301307,18.01671337,18.00451841,18.62170749,18.36660875,18.46618647,8.993956959,18.12841351,18.54687111,19.12472601,19.94706375,
Malawi,MWI,Tax revenue (% of GDP),GC.TAX.TOTL.GD.ZS,,,,,,,,,,,,,,,,,,,,,,,,,,,,,,,,,,,,,,,,,,,,,,,,,,14.4658536,15.3729139,15.45184375,13.55707479,14.1290373,15.934136,15.24219537,15.48908132,12.18430194,12.17387825,12.00398961,11.71928379
Malaysia,MYS,Tax revenue (% of GDP),GC.TAX.TOTL.GD.ZS,,,,,,,,,,,,,,,,,,,,,,,,,,,,,,,,,,,,,19.37792632,19.75336681,16.7301575,14.09370802,13.6669089,17.79488881,17.44695509,15.49565512,15.19909376,14.82639106,14.51619698,14.30372284,14.66295826,14.94050153,13.33219531,14.79435317,15.61314674,15.31023528,14.84079071,14.05686213,13.55072517,12.94596624,12.02266283,11.93304166,
North America,NAC,Tax revenue (% of GDP),GC.TAX.TOTL.GD.ZS,,,,,,,,,,,,,11.8199373,11.49521249,11.83762036,11.1858005,10.74883688,11.61864632,11.54235905,12.00380766,12.13835265,12.55050996,11.97862664,10.34826823,10.15971565,10.38424016,10.16304589,10.94884573,10.59594327,10.78244038,10.78099675,10.67288495,10.35751759,10.59452944,10.83618256,11.1814995,11.59163568,12.06209094,12.52949028,12.46888957,13.13028577,12.05621317,10.16162489,9.717047452,9.865002676,10.90714681,11.48518376,11.48045176,10.4930983,8.293827891,8.863568604,9.764388559,9.957584805,10.61416741,11.02131988,11.3099375,11.02237949,11.78778058,10.16629867,10.29815281,9.959754269
Namibia,NAM,Tax revenue (% of GDP),GC.TAX.TOTL.GD.ZS,,,,,,,,,,,,,,,,,,,,,,,,,,,,,,,23.01056488,26.95733053,25.10570472,26.13034546,24.08861489,25.01869455,23.98662948,26.66870601,25.69348773,27.91512801,27.42850904,26.30946285,26.06199667,23.19476922,24.27282174,25.72900988,29.07216661,30.5252906,29.70119352,29.07230526,25.54231598,29.55059042,32.93275144,32.98071934,34.6286881,33.42238687,30.09630597,31.69463293,29.18008823,30.4636547,
New Caledonia,NCL,Tax revenue (% of GDP),GC.TAX.TOTL.GD.ZS,,,,,,,,,,,,,,,,,,,,,,,,,,,,,,,,,,,,,,,,,,,,,,,,,,,,,,,,,,,,,
Niger,NER,Tax revenue (% of GDP),GC.TAX.TOTL.GD.ZS,,,,,,,,,,,,,,,,,9.421033141,9.154545384,9.496598531,10.90978353,11.7645286,,,,,,,,,,,,,,,,,,,,,,,,,,,,,,,,,,,,,,,,
Nigeria,NGA,Tax revenue (% of GDP),GC.TAX.TOTL.GD.ZS,,,,,,,,,,,,,,,,,,,,,,,,,,,,,,,,,,,,,,,,,,,,,,,,,,,,,,,,,,,,,
Nicaragua,NIC,Tax revenue (% of GDP),GC.TAX.TOTL.GD.ZS,,,,,,,,,,,,,,,,,,,,,,,,,,,,,,,26.26583735,18.23936737,19.84950915,18.98088283,8.993665941,9.402734402,9.494441288,10.58909176,11.03648306,10.71894637,10.64687011,9.802508066,10.39549911,11.7208159,12.18817918,12.89980348,13.6841751,13.86200393,13.20170593,13.13768507,13.67841349,14.51978319,15.00913327,15.02042537,15.31626638,15.58958836,16.1664462,16.57383163,15.69941645,17.5430986,
Netherlands,NLD,Tax revenue (% of GDP),GC.TAX.TOTL.GD.ZS,,,,,,,,,,,,,,22.46062592,21.21627075,22.33671296,22.30434385,23.39492913,23.18971758,23.12002319,23.07480856,21.90411844,21.68592805,20.7860868,20.1577263,20.34225058,21.25864668,22.53524002,22.60908169,21.89338927,23.28621811,24.49111686,23.63651009,24.31606558,21.84675625,20.8701642,21.47957925,20.93776928,20.70809927,21.22066757,20.93795008,21.21415868,21.15808651,20.35373725,20.17000261,21.23481756,21.60001095,21.59520003,21.14391577,20.94433473,20.98619027,20.22944251,19.40774864,19.69209479,20.63642861,21.16062422,21.90511014,23.08554134,23.0563304,24.02125317,
Norway,NOR,Tax revenue (% of GDP),GC.TAX.TOTL.GD.ZS,,,,,,,,,,,,,22.95167975,20.68992057,20.46229859,20.3859202,21.53182507,22.08057275,21.81944171,22.23869891,25.11381524,26.25029793,25.31305262,24.5587192,24.53236615,25.65460294,25.62118392,23.62811577,22.15427566,20.47767892,21.30451018,21.57610491,20.73649632,20.73649755,21.74282775,23.00490688,23.93682586,23.89191652,23.96735495,24.269074,26.70467324,26.07929651,27.18833639,25.92911222,27.3951498,28.30365223,28.90944752,28.19971126,27.92462094,25.96689041,26.88692442,27.72208661,27.04506296,25.16576453,23.56828516,22.22355077,22.08716304,22.47754585,23.4227187,23.16488583,
Nepal,NPL,Tax revenue (% of GDP),GC.TAX.TOTL.GD.ZS,,,,,,,,,,,,,,,,,,,,,,,,,,,,,,,6.996692968,6.620301936,6.483344072,6.654637356,7.729134048,8.985513859,8.719914187,8.723659866,8.639332547,8.422505233,8.735981111,8.802574747,8.560583141,8.651811853,8.9749585,9.179453421,8.77975841,9.772473404,10.44008641,11.84403686,13.39611544,11.59895085,12.04080455,13.29788586,13.99491049,14.68630457,16.14374976,17.40926674,19.08282606,19.80906024,
Nauru,NRU,Tax revenue (% of GDP),GC.TAX.TOTL.GD.ZS,,,,,,,,,,,,,,,,,,,,,,,,,,,,,,,,,,,,,,,,,,,,,,,,,,,,,,,18.97418982,16.65197388,24.69093589,22.55018486,30.46626789,,
New Zealand,NZL,Tax revenue (% of GDP),GC.TAX.TOTL.GD.ZS,,,,,,,,,,,,,24.46646341,26.05151614,28.35806133,27.9768177,27.55657405,29.60429585,28.21206994,29.15539235,29.32408868,30.05319149,30.50816806,28.30571251,28.65860955,29.69387967,30.18307939,33.24645858,32.70028658,,,,,,,,,,,,,28.55763254,28.20805365,29.24813843,29.25793128,30.31290683,31.98588405,30.10987127,31.52540046,29.68551313,26.15230007,25.66723155,26.91006442,26.71609971,26.85372316,27.41783504,27.27063392,27.28037107,27.43306132,28.16393412,
OECD members,OED,Tax revenue (% of GDP),GC.TAX.TOTL.GD.ZS,,,,,,,,,,,,,13.82729917,13.53640038,13.98549333,13.7937035,13.89911845,14.36985362,14.30375129,14.46655726,14.70741057,15.00804249,14.89401701,14.23144773,14.07828909,14.32970289,14.34518057,14.71693384,14.4901622,14.46964727,14.39239206,14.45369013,14.08206822,13.98409607,14.53887018,15.10174306,15.40933722,15.86792646,16.13464715,16.30229205,16.72618231,16.32873824,15.18480511,14.87615721,14.94090535,15.61647251,16.05409379,16.1431134,15.48804455,13.99355834,14.36704391,14.87529477,15.03988861,15.43851832,15.60692609,15.76763331,15.71264813,16.07049267,15.43860483,15.48352595,
Oman,OMN,Tax revenue (% of GDP),GC.TAX.TOTL.GD.ZS,,,,,,,,,,,,,,,,,,,,,,,,,,,,,,,,,,,,,,,,,,,,,,,,,,,,,,,,,,,,,
Other small states,OSS,Tax revenue (% of GDP),GC.TAX.TOTL.GD.ZS,,,,,,,,,,,,,,,,,,,,,,,,,,,,,,,,,,,,,,,,,,,,,,,,,,,,,,,,,,,,,
Pakistan,PAK,Tax revenue (% of GDP),GC.TAX.TOTL.GD.ZS,,,,,,,,,,,,,,,,,,,,,,,,,,,,,,,,,,,,,,,,,,,,,,,,,,,,,,,,,,,,,
Panama,PAN,Tax revenue (% of GDP),GC.TAX.TOTL.GD.ZS,,,,,,,,,,,,,,,,,,,,,,,,,,,,,,,,,,,,,,,,,,,,,,,,,,,,,,,10.26003359,10.10162223,10.37754247,9.995944949,9.943569738,,
Peru,PER,Tax revenue (% of GDP),GC.TAX.TOTL.GD.ZS,,,,,,,,,,,,,12.65359002,10.81125344,11.00086063,11.55773155,11.22907434,11.6716743,12.4930216,13.80688285,17.96171377,15.11632987,14.79299342,11.89773092,13.04040973,14.96299404,13.38210985,9.974415853,9.663582676,7.921659024,10.72389521,11.02794427,11.98305238,12.16542206,12.97214417,13.68475757,14.19981417,14.39876053,14.23480496,12.9941893,12.6086475,12.89710563,12.48714263,13.41152116,13.66336894,14.10474219,15.6699876,16.40746835,16.51217092,14.45652681,15.46657176,15.96889515,16.5466871,16.43300669,16.72092668,14.91965132,13.78754764,13.17434165,14.28781525,14.5160313,
Philippines,PHL,Tax revenue (% of GDP),GC.TAX.TOTL.GD.ZS,,,,,,,,,,,,,,,,,,,,,,,,,,,,,,,12.35461036,12.80958835,13.53887306,13.68088118,14.03788872,14.26625524,14.82664166,14.86149493,13.67546376,12.89543709,12.44032477,12.26550865,11.66813069,11.66643259,11.36440439,11.92422406,13.12730144,12.9604093,13.03351369,11.69893557,11.63527559,11.84900078,12.30592712,12.74382206,13.01551718,13.01961059,13.08710069,13.59379375,14.04753328,14.48847302,
Palau,PLW,Tax revenue (% of GDP),GC.TAX.TOTL.GD.ZS,,,,,,,,,,,,,,,,,,,,,,,,,,,,,,,,,,,,,,,,,,,,,,,,,16.59462535,15.62436995,16.79729268,17.62485786,18.35541468,18.74175778,19.45629243,20.16481488,19.81694269,19.95006519,21.23731262,20.42450766,
Papua New Guinea,PNG,Tax revenue (% of GDP),GC.TAX.TOTL.GD.ZS,,,,,,,,,,,,,,,,,,,,,,,,,,,,,,,20.07346726,17.73352563,18.28415818,19.86439564,20.59600745,19.72715386,22.46318454,23.7232047,20.48029115,21.78816746,18.975965,24.6964497,21.01324696,,,,,,,,,,,,17.90996215,15.22728706,12.94862858,12.60500176,13.19302875,13.02172392,
Poland,POL,Tax revenue (% of GDP),GC.TAX.TOTL.GD.ZS,,,,,,,,,,,,,,,,,,,,,,,,,,,,,,,,,,,22.78268073,22.36915319,21.65585776,20.90485321,20.15275826,18.0642818,16.96083946,16.05595562,16.84075872,16.72132038,15.68968086,16.47380695,17.15510398,18.08653079,18.26736913,16.0518941,16.47765758,16.65566737,15.99342631,15.58901188,15.61752737,15.68686456,16.23053984,16.79445783,17.39568383,17.30089713,
Pre-demographic dividend,PRE,Tax revenue (% of GDP),GC.TAX.TOTL.GD.ZS,,,,,,,,,,,,,,,,,,,,,,,,,,,,,,,,,,,,,,,,,,,,,,,,,,,,,,,,,,,,,
Puerto Rico,PRI,Tax revenue (% of GDP),GC.TAX.TOTL.GD.ZS,,,,,,,,,,,,,,,,,,,,,,,,,,,,,,,,,,,,,,,,,,,,,,,,,,,,,,,,,,,,,
"Korea, Dem. People's Rep.",PRK,Tax revenue (% of GDP),GC.TAX.TOTL.GD.ZS,,,,,,,,,,,,,,,,,,,,,,,,,,,,,,,,,,,,,,,,,,,,,,,,,,,,,,,,,,,,,
Portugal,PRT,Tax revenue (% of GDP),GC.TAX.TOTL.GD.ZS,,,,,,,,,,,,,,11.48633848,11.77968912,12.31415017,13.84378894,14.11276532,13.45697383,13.76768835,15.18085124,16.09136272,16.59471789,18.33797402,18.01063441,17.61591829,17.55125423,15.57442685,16.98673207,17.73912161,17.66850202,18.29113824,20.02626303,18.58661807,19.35373811,19.69493002,20.51675843,20.26430124,20.41265905,20.93425596,20.87840352,20.51404173,20.82750272,19.88117057,19.9795278,20.58192839,21.12516235,21.34729712,21.04682674,19.0577021,19.64280941,21.13333912,20.7701624,22.66209209,22.64739907,22.78871911,22.33199325,22.37058798,22.65334671,22.20329347,
Paraguay,PRY,Tax revenue (% of GDP),GC.TAX.TOTL.GD.ZS,,,,,,,,,,,,,,,,,,,,,,,,,,,,,,,,,,,,,,,,,,,,,,8.264764504,8.350504183,7.837877891,8.0940723,8.327582817,8.871213476,9.366835103,9.457778351,8.992141631,9.74517638,9.7366986,9.559063337,9.956474414,10.07505858,10.00060649,
West Bank and Gaza,PSE,Tax revenue (% of GDP),GC.TAX.TOTL.GD.ZS,,,,,,,,,,,,,,,,,,,,,,,,,,,,,,,,,,,,,,,,,,,,,,,,,,,,,,,,,,,,,
Pacific island small states,PSS,Tax revenue (% of GDP),GC.TAX.TOTL.GD.ZS,,,,,,,,,,,,,,,,,,,,,,,,,,,,,,,,,,,,,,,,,,,,,,,,,,,,21.1949661,21.35491963,22.08848826,21.9020713,22.0760555,22.0772654,22.88919332,23.6673414,22.33950951,
Post-demographic dividend,PST,Tax revenue (% of GDP),GC.TAX.TOTL.GD.ZS,,,,,,,,,,,,,13.99610306,13.65797187,14.14311099,13.85006339,13.9240589,14.39636602,14.30039657,14.50808116,14.75529218,15.0716814,14.94097679,14.19751114,14.10429774,14.37369747,14.37263891,14.73718529,14.58144486,14.5654062,14.49968893,14.53323443,14.13436583,14.09839577,14.57403996,15.08510319,15.38553775,15.79569154,16.23923668,16.3978404,16.84618429,16.19403157,15.01156448,14.74461289,14.78151666,15.4576586,15.88417316,15.97677116,15.49603803,13.93310446,14.28290087,14.81511937,15.03732189,15.43831689,15.60204276,15.72625259,15.63665023,16.04835358,15.37232547,15.44146833,
French Polynesia,PYF,Tax revenue (% of GDP),GC.TAX.TOTL.GD.ZS,,,,,,,,,,,,,,,,,,,,,,,,,,,,,,,,,,,,,,,,,,,,,,,,,,,,,,,,,,,,,
Qatar,QAT,Tax revenue (% of GDP),GC.TAX.TOTL.GD.ZS,,,,,,,,,,,,,,,,,,,,,,,,,,,,,,,,,,,,,,,,,,,,,,,,,,,,,,,,,,,,,
Romania,ROU,Tax revenue (% of GDP),GC.TAX.TOTL.GD.ZS,,,,,,,,,,,,,,,,,,,,,,4.388327722,4.074786912,4.024977234,4.052199485,4.201834862,4.46458383,4.463377115,4.526254376,5.1175,23.05630027,22.52189301,22.41292377,19.66235439,17.78714284,17.40204452,16.10773027,17.03601162,17.73603872,17.05661897,17.96270948,16.63341608,16.48910006,17.77476375,17.42126616,17.46805693,17.94705723,17.53952573,16.78534499,15.27296201,16.60662101,18.0889295,18.01128119,17.66886447,17.91751549,18.93515078,16.85202366,15.47297649,14.49413357,14.60341017,
Russian Federation,RUS,Tax revenue (% of GDP),GC.TAX.TOTL.GD.ZS,,,,,,,,,,,,,,,,,,,,,,,,,,,,,,,,,,,,,,,,11.24287265,13.72553445,15.7786996,13.63496607,13.3140302,13.23402539,16.62290968,16.56821576,16.55131306,15.81806782,12.95635241,13.04834885,13.95420368,13.75467304,12.93349245,13.2553613,10.64209481,9.1831221,10.28840567,11.468773,10.97512393,
Rwanda,RWA,Tax revenue (% of GDP),GC.TAX.TOTL.GD.ZS,,,,,,,,,,,,,,8.631147895,10.18131049,7.521318803,9.906255355,10.90185737,9.71992482,11.70219398,10.46763593,,,,,,,,,10.82692927,8.78380627,9.260063961,9.048258736,,,,,,,,,,,,,,,,,,,,,,12.95484765,13.30122949,14.42408952,13.45137171,14.24470259,14.59419404,
South Asia,SAS,Tax revenue (% of GDP),GC.TAX.TOTL.GD.ZS,,,,,,,,,,,,,,,8.181120886,9.024502908,9.181837991,8.597094206,9.302274531,9.689048923,9.019597414,9.209845718,9.270903141,9.271760753,9.304978386,10.07235644,10.424186,10.41141539,10.35844578,10.47156785,10.28487438,10.42531366,10.06415762,8.840152804,9.264363055,9.53350945,9.50697791,9.262077855,8.355849996,8.871037973,9.021731251,8.187696452,8.694131883,9.051690143,9.49137778,9.95776969,10.85892379,11.68169886,10.74138621,9.731935312,10.23746406,10.10063675,10.66775486,10.81593859,9.899170122,10.48236212,11.03059094,11.48049629,12.10460339,,
Saudi Arabia,SAU,Tax revenue (% of GDP),GC.TAX.TOTL.GD.ZS,,,,,,,,,,,,,,,,,,,,,,,,,,,,,,,,,,,,,,,,,,,,,,,,,,,2.529612744,2.331966765,2.538420097,2.733928686,2.77137882,3.334403723,3.389982246,3.384835691,8.925745035,7.400169998,
Sudan,SDN,Tax revenue (% of GDP),GC.TAX.TOTL.GD.ZS,,,,,,,,,,,,,,,,,,,,,,,,,,,,,,,,,,,,,,,6.197163282,6.386617224,,,,,,,,,,6.469484382,5.862474675,3.856210161,6.894406995,7.684016394,7.982317862,8.194438005,7.390270262,,,,
Senegal,SEN,Tax revenue (% of GDP),GC.TAX.TOTL.GD.ZS,,,,,,,,,,,,,,,,,,,,,,,,,,,,,,,,,,,,,,,,,,,,,,,,,,,,,,,,15.77433605,16.37117645,15.90645166,16.37825247,,
Singapore,SGP,Tax revenue (% of GDP),GC.TAX.TOTL.GD.ZS,,,,,,,,,,,,,14.55018489,14.78510139,15.06460714,16.57112472,15.99637416,16.72455544,15.93464722,16.03977068,16.99291833,17.88020559,18.91634198,18.76083872,17.66338209,15.66216706,12.73576946,13.07807989,14.07201262,15.68787362,14.54626959,15.1815316,16.1033535,16.29033395,16.61315228,15.76850365,15.89736716,15.31234109,14.03102564,14.53171741,14.85578908,14.58551915,12.68873934,12.44607416,11.60451158,11.5770274,11.83102218,12.8204282,13.75439145,12.95492653,12.78582397,13.10572195,13.58066874,13.27125008,13.55655713,13.13977453,13.32122522,13.98705432,13.04509073,13.23945299,
Solomon Islands,SLB,Tax revenue (% of GDP),GC.TAX.TOTL.GD.ZS,,,,,,,,,,,,,,,,,,,,,,,,,,,,,,,,,,,,,,,,,,,,,,,,,,,,25.49256031,26.04966854,26.63149907,25.59645451,25.75581206,23.85919553,24.53187032,26.19036206,22.92684641,20.91889345
Sierra Leone,SLE,Tax revenue (% of GDP),GC.TAX.TOTL.GD.ZS,,,,,,,,,,,,,,,,,,,,,,,,,,,,,,,,,,,,,,,,,,,,,,,,,,,,,,,,,,,,,
El Salvador,SLV,Tax revenue (% of GDP),GC.TAX.TOTL.GD.ZS,,,,,,,,,,,,,,,,,,,,,,,,,,,,,,,,,,,,,,,9.879789825,10.43175691,10.6054957,13.30670083,12.09947074,12.67829709,12.65445486,14.5108178,15.67010773,16.74489691,17.06020329,14.97703052,15.81208071,15.34403351,16.18243583,17.05473522,16.7087952,16.75268491,17.35477562,17.75375106,18.12892354,18.071017,
San Marino,SMR,Tax revenue (% of GDP),GC.TAX.TOTL.GD.ZS,,,,,,,,,,,,,,,,,,,,,,,,,,,,,,,,,,,,,,,,,,,18.0982586,16.90549549,15.92509838,16.93509389,17.22250106,17.63826308,17.67091532,16.93910919,15.59202295,16.15303556,18.01625741,17.06623964,18.34558313,17.89022288,16.68951936,16.468847,17.95681677,16.91273433,
Somalia,SOM,Tax revenue (% of GDP),GC.TAX.TOTL.GD.ZS,,,,,,,,,,,,,,,,,,,,,,,,,,,,,,,,,,,,,,,,,,,,,,,,,,,,,,,,,,0.000110002,0.000127943,9.55E-05,
Serbia,SRB,Tax revenue (% of GDP),GC.TAX.TOTL.GD.ZS,,,,,,,,,,,,,,,,,,,,,,,,,,,,,,,,,,,,,,,,,,,,,,,,21.30211447,21.14784382,20.00480647,20.22926705,19.05474094,18.55250021,20.83873843,21.9701414,22.35521329,23.28991506,24.0680383,23.59818704,24.04973493,
Sub-Saharan Africa (excluding high income),SSA,Tax revenue (% of GDP),GC.TAX.TOTL.GD.ZS,,,,,,,,,,,,,,,,,,,,,,,,,,,,,,,,,,,,,,,,,,,,,,,,,,,,,,,,,,,,,
South Sudan,SSD,Tax revenue (% of GDP),GC.TAX.TOTL.GD.ZS,,,,,,,,,,,,,,,,,,,,,,,,,,,,,,,,,,,,,,,,,,,,,,,,,,,,,,,,,,,,,
Sub-Saharan Africa,SSF,Tax revenue (% of GDP),GC.TAX.TOTL.GD.ZS,,,,,,,,,,,,,,,,,,,,,,,,,,,,,,,,,,,,,,,,,,,,,,,,,,,,,,,,,,,,,
Small states,SST,Tax revenue (% of GDP),GC.TAX.TOTL.GD.ZS,,,,,,,,,,,,,,,,,,,,,,,,,,,,,,,,,,,,,,,,,,,,,,,,,,,,,,,,,,,,,
Sao Tome and Principe,STP,Tax revenue (% of GDP),GC.TAX.TOTL.GD.ZS,,,,,,,,,,,,,,,,,,,,,,,,,,,,,,,,,,,,,,,,,,,,,,,,,,,,,,,,,,,,,
Suriname,SUR,Tax revenue (% of GDP),GC.TAX.TOTL.GD.ZS,,,,,,,,,,,,,,,,,,,,,,,,,,,,,,,,,,,,,,,,,,,,,,,,,,,,,,,,,,,,,
Slovak Republic,SVK,Tax revenue (% of GDP),GC.TAX.TOTL.GD.ZS,,,,,,,,,,,,,,,,,,,,,,,,,,,,,,,,,,,,23.24173885,21.41857791,20.4621209,20.16276134,19.74585658,18.5017738,17.27538131,17.11824696,17.683025,17.29287612,18.0071099,16.80084739,16.74890053,16.44580869,15.52330827,15.06333902,16.03843021,15.57710677,16.75469041,17.49578392,18.16182193,18.14781305,18.6157824,18.60913246,18.69515761,
Slovenia,SVN,Tax revenue (% of GDP),GC.TAX.TOTL.GD.ZS,,,,,,,,,,,,,,,,,,,,,,,,,,,,,,,,,,,,19.42547021,20.10296951,19.80170463,20.50207507,20.83884299,20.09583877,19.94939687,20.50326951,20.66557028,20.63425511,21.14899849,20.89386003,20.07475112,19.40795922,17.99715112,18.05730237,17.83916427,17.86731691,17.89986941,18.16881795,18.49388308,18.60665782,18.34541817,18.53057923,18.27712444,
Sweden,SWE,Tax revenue (% of GDP),GC.TAX.TOTL.GD.ZS,,,,,,,,,,,,,19.03154657,17.5879283,17.07161175,16.48086238,19.36533453,19.97065889,18.31231858,16.80435948,16.30302903,16.71192514,16.37055473,16.83525574,17.69084968,20.19334805,19.14674979,21.57013574,21.67240453,21.28758926,21.61999624,19.66714805,17.14186346,15.44674785,14.82155902,26.73239027,27.31122031,27.51485027,29.6705614,30.2978502,29.85892496,27.89281277,26.76316689,26.89448063,27.25350276,28.55686546,28.56030814,28.50704068,27.47193716,27.23353846,27.39951886,26.6327334,26.30391073,26.46754063,26.51489081,27.13684171,28.1205047,28.12738509,27.9091466,27.30093102,
Eswatini,SWZ,Tax revenue (% of GDP),GC.TAX.TOTL.GD.ZS,,,,,,,,,,,,,,,,,,,,,,,,,,,,,,,,,,,,,,,,,,,,,,,,,,,,,,,,,,,,,
Sint Maarten (Dutch part),SXM,Tax revenue (% of GDP),GC.TAX.TOTL.GD.ZS,,,,,,,,,,,,,,,,,,,,,,,,,,,,,,,,,,,,,,,,,,,,,,,,,,,,,,,,,,,,,
Seychelles,SYC,Tax revenue (% of GDP),GC.TAX.TOTL.GD.ZS,,,,,,,,,,,,,,,,,,,,,,,,,,30.6581459,31.95856214,34.85929304,35.99450292,36.78675189,,,,35.35999348,31.96714646,27.63522169,26.93784497,26.96494204,26.43613532,27.21809933,26.08089261,,,,,27.30000996,24.69255027,23.25125933,22.36789046,25.2417028,27.85138935,31.49106655,30.40517837,28.06605578,30.08247274,29.5985834,31.69288871,31.98766894,34.96098436,,
Syrian Arab Republic,SYR,Tax revenue (% of GDP),GC.TAX.TOTL.GD.ZS,,,,,,,,,,,,,,,,,,,,,,,,,,,,,,,,,,,,,,,,,,,,,,,,,,,,,,,,,,,,,
Turks and Caicos Islands,TCA,Tax revenue (% of GDP),GC.TAX.TOTL.GD.ZS,,,,,,,,,,,,,,,,,,,,,,,,,,,,,,,,,,,,,,,,,,,,,,,,,,,,,,,,,,,,,
Chad,TCD,Tax revenue (% of GDP),GC.TAX.TOTL.GD.ZS,,,,,,,,,,,,,,,,,,,,,,,,,,,,,,,,,,,,,,,,,,,,,,,,,,,,,,,,,,,,,
East Asia & Pacific (IDA & IBRD countries),TEA,Tax revenue (% of GDP),GC.TAX.TOTL.GD.ZS,,,,,,,,,,,,,,,,,,,,,,,,,,,,,,,,,,,,,,,,,,,,,,9.060684202,9.559824585,10.17436112,10.68769055,10.63805821,10.52765582,10.74799246,10.69420494,10.44201978,10.18709663,9.908235187,9.629866541,9.827137128,9.526708075,,
Europe & Central Asia (IDA & IBRD countries),TEC,Tax revenue (% of GDP),GC.TAX.TOTL.GD.ZS,,,,,,,,,,,,,,,,,,,,,,,,,,,,,,,,,,,,,,,,13.0458101,14.56040057,15.37044191,14.41869945,14.5122773,14.36329308,,,17.37353829,17.10670545,15.30664777,15.56322065,16.06727892,15.5922839,15.39714526,15.38455703,14.34709177,13.70080787,14.01907301,14.58409472,14.15366163,
Togo,TGO,Tax revenue (% of GDP),GC.TAX.TOTL.GD.ZS,,,,,,,,,,,,,,,,,,,,,,,,,,,,,,,,,,,,,,,,,,,,,13.14635208,12.8777438,13.88591562,15.36898502,14.2474836,14.41500542,14.54282208,15.97026891,15.87966385,16.86006417,18.39938624,18.95427306,13.95827871,13.04222753,12.70954333,13.15518747,
Thailand,THA,Tax revenue (% of GDP),GC.TAX.TOTL.GD.ZS,,,,,,,,,,,,,11.04115235,10.17334549,12.58381061,11.193868,10.7838382,11.60892172,11.66140898,12.37412805,13.14314967,13.47697636,12.64055577,14.13958244,14.10679378,13.6878369,13.61614666,13.64999061,14.80673226,15.58057288,16.90732301,17.41350398,15.59178399,15.39927671,16.03568902,16.44093082,16.72621763,16.10547926,13.78816744,12.8892156,12.9767329,13.07021832,13.47031276,14.4815688,14.85333091,16.06186027,15.63699271,15.14315656,15.3848864,14.19423084,14.93264755,16.36183479,15.44093567,17.01228887,15.80833907,16.14039794,15.3627698,14.77967697,14.92488976,14.64765458,
Tajikistan,TJK,Tax revenue (% of GDP),GC.TAX.TOTL.GD.ZS,,,,,,,,,,,,,,,,,,,,,,,,,,,,,,,,,,,,,,,7.689066615,8.209442379,7.703083898,8.201926827,,9.702188432,9.821023787,,,,,,,,,,,,,,,,
Turkmenistan,TKM,Tax revenue (% of GDP),GC.TAX.TOTL.GD.ZS,,,,,,,,,,,,,,,,,,,,,,,,,,,,,,,,,,,,,,,,,,,,,,,,,,,,,,,,,,,,,
Latin America & the Caribbean (IDA & IBRD countries),TLA,Tax revenue (% of GDP),GC.TAX.TOTL.GD.ZS,,,,,,,,,,,,,,,,,,,,,,,,,,,,,,,,,,,,,,,,,,,,,,,,,,,13.16374217,13.64267191,13.35210704,13.31975292,13.23632539,13.74555911,13.79519166,13.48226169,13.60201118,13.6017573,
Timor-Leste,TLS,Tax revenue (% of GDP),GC.TAX.TOTL.GD.ZS,,,,,,,,,,,,,,,,,,,,,,,,,,,,,,,,,,,,,,,,,,,,,,,,,,,110.1827704,135.5004501,147.6612527,93.87901109,62.80056244,36.07246764,14.99513508,19.84374599,24.80563419,22.64204736,
Middle East & North Africa (IDA & IBRD countries),TMN,Tax revenue (% of GDP),GC.TAX.TOTL.GD.ZS,,,,,,,,,,,,,,,,,,,,,,,,,,,,,,,,,,,,,,13.8421652,,,,,10.84704381,10.92571683,11.25748786,12.26304777,12.66828976,12.69042623,12.93180742,13.19017229,,,,,,,,,,,
Tonga,TON,Tax revenue (% of GDP),GC.TAX.TOTL.GD.ZS,,,,,,,,,,,,,,,,,,,,,,,,,,,,,,,,,,,,,,,,,,,,,,,,,,,,,,,,,,,,,
South Asia (IDA & IBRD),TSA,Tax revenue (% of GDP),GC.TAX.TOTL.GD.ZS,,,,,,,,,,,,,,,8.181120886,9.024502908,9.181837991,8.597094206,9.302274531,9.689048923,9.019597414,9.209845718,9.270903141,9.271760753,9.304978386,10.07235644,10.424186,10.41141539,10.35844578,10.47156785,10.28487438,10.42531366,10.06415762,8.840152804,9.264363055,9.53350945,9.50697791,9.262077855,8.355849996,8.871037973,9.021731251,8.187696452,8.694131883,9.051690143,9.49137778,9.95776969,10.85892379,11.68169886,10.74138621,9.731935312,10.23746406,10.10063675,10.66775486,10.81593859,9.899170122,10.48236212,11.03059094,11.48049629,12.10460339,,
Sub-Saharan Africa (IDA & IBRD countries),TSS,Tax revenue (% of GDP),GC.TAX.TOTL.GD.ZS,,,,,,,,,,,,,,,,,,,,,,,,,,,,,,,,,,,,,,,,,,,,,,,,,,,,,,,,,,,,,
Trinidad and Tobago,TTO,Tax revenue (% of GDP),GC.TAX.TOTL.GD.ZS,,,,,,,,,,,,,,,,,29.58870323,32.62133602,28.74988203,29.18213284,35.6508085,34.844169,,,,,,,,,,,,,,,,,,,,22.12128594,20.45549831,21.30154983,22.02505646,26.3787008,30.25758765,25.99529034,29.48840531,26.82740606,26.24401846,25.6437422,26.30222545,25.41076128,26.7166951,26.57266348,19.91553579,19.59166326,20.04821246,,
Tunisia,TUN,Tax revenue (% of GDP),GC.TAX.TOTL.GD.ZS,,,,,,,,,,,,,17.78922717,18.95248849,17.86406512,20.22510624,19.94826694,21.26921849,22.61765772,21.79671458,20.9913854,21.63863527,22.78120057,23.06769464,22.97891585,21.99962954,22.5168985,20.56177118,20.50088908,20.1514093,19.95340107,20.38441075,20.49935064,21.00797927,20.76414271,20.48581381,19.83761925,18.44103315,19.18316383,19.13116645,19.29236853,19.59749767,19.54062466,18.74526478,18.67219383,18.87750472,18.51071549,19.06787394,20.49980823,20.04816181,19.19965139,20.17481676,20.11547206,,,,,,,,
Turkey,TUR,Tax revenue (% of GDP),GC.TAX.TOTL.GD.ZS,,,,,,,,,,,,,13.4209616,14.31318681,13.17063332,14.72230841,16.26579203,16.66193316,16.51178962,14.59270725,14.33869919,15.2689533,,13.93806901,10.80096922,11.34561411,11.72819518,12.14195571,11.0271659,11.24919113,11.55833127,12.49517351,12.9688266,13.34277157,15.2014677,13.9767747,15.19952105,19.05053839,14.6683801,,,,,,,,,,17.50228731,18.07393495,18.85902049,18.57091787,18.10718164,18.3638081,17.94581705,18.18078068,18.26558723,17.71815774,17.27719713,16.52640111,17.6472612
Tuvalu,TUV,Tax revenue (% of GDP),GC.TAX.TOTL.GD.ZS,,,,,,,,,,,,,,,,,,,,,,,,,,,,,,,,,,,,,,,,,,,,,,,,,,,,,,,,,,,,,
Tanzania,TZA,Tax revenue (% of GDP),GC.TAX.TOTL.GD.ZS,,,,,,,,,,,,,,,,,,,,,,,,,,,,,,,,,,,,,,,,,,,,,,,,,,11.53417446,9.912261583,9.793982,10.43300402,10.72192345,11.36379689,10.49249549,11.39033994,11.82656497,11.69508309,,
Uganda,UGA,Tax revenue (% of GDP),GC.TAX.TOTL.GD.ZS,,,,,,,,,,,,,,,,,,,,,,,,,,,,,,,,,,,,,,,,,,,,,,,,,,,,,,,,10.80177081,11.11956297,11.60472367,11.68286865,12.23637947,
Ukraine,UKR,Tax revenue (% of GDP),GC.TAX.TOTL.GD.ZS,,,,,,,,,,,,,,,,,,,,,,,,,,,,,,,,,,,,,,,,12.99175112,13.61538199,11.66241269,12.63279714,13.16162595,12.81409146,16.52877057,17.09216344,15.81795379,17.09171786,15.78923638,14.99750577,17.84004927,17.63331542,16.89868434,17.29434784,20.45136542,19.63011981,20.0523677,20.14255251,19.1961401,
Upper middle income,UMC,Tax revenue (% of GDP),GC.TAX.TOTL.GD.ZS,,,,,,,,,,,,,,,,,,,,,,,,,,,,,,,,,,,,,,,,,,,,,,10.75998439,11.17397321,11.7130635,12.09158937,11.74658136,12.06413911,12.37612338,12.19396986,12.01823981,11.74597947,11.47178646,11.18811898,11.31065337,11.20084568,,
Uruguay,URY,Tax revenue (% of GDP),GC.TAX.TOTL.GD.ZS,,,,,,,,,,,,,13.68094992,10.44732195,12.71035527,12.23612691,15.52333454,15.84769476,16.02307268,14.44700072,15.82577762,16.73906481,14.00555378,15.12129764,13.86925665,15.94975265,16.76322844,15.96544635,15.18910308,14.53217809,16.2025864,16.79324032,17.24085747,19.38949411,19.03440938,16.87875803,17.35110223,16.78079246,16.98284177,15.27828517,14.69913704,15.30598158,15.77767622,17.2060059,17.84620462,17.89692197,18.98805557,18.41050909,18.24184127,18.72222095,18.88638874,19.1018313,18.82188561,19.04138547,18.56113854,18.50947757,21.8249441,18.29475007,18.56029922,18.15426823,
United States,USA,Tax revenue (% of GDP),GC.TAX.TOTL.GD.ZS,,,,,,,,,,,,,11.8199373,11.49521249,11.83762036,11.1858005,10.74883688,11.61864632,11.54235905,12.00380766,12.13835265,12.55050996,11.97862664,10.34826823,10.15971565,10.38424016,10.16304589,10.94884573,10.59594327,10.78244038,10.46528476,10.32034243,9.984161837,10.30493432,10.62350664,10.98098904,11.37391458,11.82819655,12.32982914,12.26062892,12.96903235,11.85782535,9.861419855,9.389222393,9.540177991,10.68382785,11.31127437,11.30738778,10.31601226,7.919453277,8.595732842,9.574003765,9.798255726,10.51994855,10.94785005,11.20913427,10.88476853,11.71084039,9.895994867,10.02110942,9.959754269
Uzbekistan,UZB,Tax revenue (% of GDP),GC.TAX.TOTL.GD.ZS,,,,,,,,,,,,,,,,,,,,,,,,,,,,,,,,,,,,,,,,,,,,,,,,,,,,12.36625676,13.17440777,13.80047989,13.47039298,13.55775403,13.43296306,11.6417474,14.15764697,12.6953747,
St. Vincent and the Grenadines,VCT,Tax revenue (% of GDP),GC.TAX.TOTL.GD.ZS,,,,,,,,,,,,,,,,,,,,,,,,,,,,,,,18.25914113,19.57735015,18.48150517,18.70561298,19.77017966,19.22130283,19.95486134,20.56486826,21.17430138,20.69311999,21.27412586,20.80509168,21.87733043,20.94981858,20.64122668,20.77096377,21.92825112,21.78505065,23.85711652,23.7398104,22.91477087,22.57612626,23.01423808,21.60132925,23.83514095,23.59407329,25.60594177,25.35766382,,,
"Venezuela, RB",VEN,Tax revenue (% of GDP),GC.TAX.TOTL.GD.ZS,,,,,,,,,,,,,,,,,,,,,,,,,,,,,,,,,,,,,,,,,,,,,,,,,,,,,,,,,,,,,
British Virgin Islands,VGB,Tax revenue (% of GDP),GC.TAX.TOTL.GD.ZS,,,,,,,,,,,,,,,,,,,,,,,,,,,,,,,,,,,,,,,,,,,,,,,,,,,,,,,,,,,,,
Virgin Islands (U.S.),VIR,Tax revenue (% of GDP),GC.TAX.TOTL.GD.ZS,,,,,,,,,,,,,,,,,,,,,,,,,,,,,,,,,,,,,,,,,,,,,,,,,,,,,,,,,,,,,
Vietnam,VNM,Tax revenue (% of GDP),GC.TAX.TOTL.GD.ZS,,,,,,,,,,,,,,,,,,,,,,,,,,,,,,,,,,,,,,,,,,,,,,,,,,,,,,,,,,,,,
Vanuatu,VUT,Tax revenue (% of GDP),GC.TAX.TOTL.GD.ZS,,,,,,,,,,,,,,,,,,,,,,,,,,,,,,,20.18513835,,,,,17.90147748,18.57191781,18.09150161,17.73552187,17.12485185,,,,,,,,,,16.49619805,16.19453505,16.44234816,17.3819159,18.22981783,18.33757009,16.90670876,16.80018534,17.12953302,17.8374475,17.63240325,
World,WLD,Tax revenue (% of GDP),GC.TAX.TOTL.GD.ZS,,,,,,,,,,,,,,,,,,,,,,,,,,,,,,,,14.2199283,13.91308858,13.73501261,,,,,,15.441056,,,,,,14.09873967,14.56782921,14.79512275,14.40770422,13.18768803,13.38368634,13.73021052,13.8187684,14.00580475,13.97696777,13.97740382,13.86083832,14.20390499,13.85099652,14.8658444,
Samoa,WSM,Tax revenue (% of GDP),GC.TAX.TOTL.GD.ZS,,,,,,,,,,,,,,,,,,,,,,,,,,,,,,,,,,,,,,,,,,,,,,,,,,,,,20.88540824,23.50961382,24.9312833,23.57416023,24.24749899,24.97311363,25.43553685,26.17447743,
Kosovo,XKX,Tax revenue (% of GDP),GC.TAX.TOTL.GD.ZS,,,,,,,,,,,,,,,,,,,,,,,,,,,,,,,,,,,,,,,,,,,,,,,,,,,,,,,,,,,,,
"Yemen, Rep.",YEM,Tax revenue (% of GDP),GC.TAX.TOTL.GD.ZS,,,,,,,,,,,,,,,,,,,,,,,,,,,,,,,,,,,,,,,,,,,,,,,,,,,,,,,,,,,,,
South Africa,ZAF,Tax revenue (% of GDP),GC.TAX.TOTL.GD.ZS,,,,,,,,,,,,,17.24936046,17.79144122,17.43702519,18.33534379,18.22551761,19.08681999,19.14720862,19.29994437,19.17589899,18.59773579,19.85719822,19.75459493,20.95894973,22.70725113,21.85509012,21.69525172,22.76539992,25.30204908,23.11194062,22.90376777,20.62164634,19.86883596,19.60437432,20.29552602,20.98463648,21.24983956,21.96394314,21.75993124,20.97606325,21.70059143,20.82489277,20.49276709,21.69859607,22.97211118,24.37808538,24.80723728,24.32280987,21.89488153,22.52060384,22.8837163,23.34576595,23.83139138,24.43193422,25.0486927,24.82835599,24.03574165,24.11887654,24.2186201,
Zambia,ZMB,Tax revenue (% of GDP),GC.TAX.TOTL.GD.ZS,,,,,,,,,,,,,,,,,,,,,,,,,,,,,,,19.48288336,17.4938312,18.71092625,15.04017112,17.23651829,15.68950016,16.10561795,16.05009567,16.18818713,16.95430849,,16.54070446,15.44001287,14.85951988,15.31705863,14.7947686,13.7115293,14.08251458,13.25930378,11.68751583,12.83484241,14.71594332,14.8923643,14.34710932,15.76103033,14.39396393,13.35318143,15.18485696,16.58706547,16.67762266,
Zimbabwe,ZWE,Tax revenue (% of GDP),GC.TAX.TOTL.GD.ZS,,,,,,,,,,,,,,,,,,,,,,,,,,,,,,,,,,,,,,,,,,,,,,,,,,9.196892339,17.43492371,17.9282542,17.83548922,,,17.6733632,15.45834082,15.87437453,13.60312563,,